date,stock_id,Trading_Volume,Trading_money,open,max,min,close,spread,Trading_turnover,datetime,stockid,userid,artid,reply,likes
2021-08-02,4976,4309476,342184261,79.0,81.6,77.8,78.8,-0.2,3187,,,,,,
2021-08-03,4976,3374954,271081831,80.2,81.3,79.5,80.3,1.5,2557,,,,,,
2021-08-04,4976,2195698,177165466,81.3,81.7,80.3,80.5,0.2,1735,,,,,,
2021-08-05,4976,2532132,201393453,81.2,81.3,78.9,79.0,-1.5,2164,,,,,,
2021-08-06,4976,9435463,714160296,78.8,78.8,73.4,75.5,-3.5,6770,,,,,,
2021-08-09,4976,8469130,615422231,74.0,75.3,70.9,71.5,-4.0,5713,2021/08/09 22:44,4976.0,9395156.0,129723840.0,2.0,12.0
2021-08-09,4976,8469130,615422231,74.0,75.3,70.9,71.5,-4.0,5713,2021/08/09 22:38,4976.0,9833557.0,129723320.0,2.0,30.0
2021-08-09,4976,8469130,615422231,74.0,75.3,70.9,71.5,-4.0,5713,2021/08/09 20:53,4976.0,1173353.0,129712177.0,7.0,15.0
2021-08-09,4976,8469130,615422231,74.0,75.3,70.9,71.5,-4.0,5713,2021/08/09 18:52,4976.0,6918216.0,129697225.0,0.0,6.0
2021-08-09,4976,8469130,615422231,74.0,75.3,70.9,71.5,-4.0,5713,2021/08/09 18:47,4976.0,1508419.0,129696723.0,0.0,4.0
2021-08-09,4976,8469130,615422231,74.0,75.3,70.9,71.5,-4.0,5713,2021/08/09 16:59,4976.0,819484.0,129684370.0,5.0,12.0
2021-08-10,4976,8677426,598057487,71.0,71.4,67.5,67.8,-3.7,5680,2021/08/10 21:55,4976.0,9727708.0,129862474.0,9.0,33.0
2021-08-10,4976,8677426,598057487,71.0,71.4,67.5,67.8,-3.7,5680,2021/08/10 20:38,4976.0,4704711.0,129853865.0,7.0,9.0
2021-08-10,4976,8677426,598057487,71.0,71.4,67.5,67.8,-3.7,5680,2021/08/10 20:04,4976.0,819484.0,129850200.0,3.0,13.0
2021-08-10,4976,8677426,598057487,71.0,71.4,67.5,67.8,-3.7,5680,2021/08/10 18:14,4976.0,7191601.0,129838166.0,3.0,5.0
2021-08-10,4976,8677426,598057487,71.0,71.4,67.5,67.8,-3.7,5680,2021/08/10 17:46,4976.0,4686068.0,129835054.0,0.0,4.0
2021-08-10,4976,8677426,598057487,71.0,71.4,67.5,67.8,-3.7,5680,2021/08/10 17:15,4976.0,8283683.0,129831121.0,7.0,6.0
2021-08-10,4976,8677426,598057487,71.0,71.4,67.5,67.8,-3.7,5680,2021/08/10 17:04,4976.0,8608137.0,129829438.0,2.0,4.0
2021-08-10,4976,8677426,598057487,71.0,71.4,67.5,67.8,-3.7,5680,2021/08/10 15:16,4976.0,8742901.0,129811841.0,0.0,1.0
2021-08-10,4976,8677426,598057487,71.0,71.4,67.5,67.8,-3.7,5680,2021/08/10 14:56,4976.0,5164604.0,129808794.0,3.0,2.0
2021-08-10,4976,8677426,598057487,71.0,71.4,67.5,67.8,-3.7,5680,2021/08/10 14:25,4976.0,8268674.0,129804583.0,4.0,11.0
2021-08-10,4976,8677426,598057487,71.0,71.4,67.5,67.8,-3.7,5680,2021/08/10 14:12,4976.0,5399793.0,129802818.0,0.0,2.0
2021-08-10,4976,8677426,598057487,71.0,71.4,67.5,67.8,-3.7,5680,2021/08/10 13:51,4976.0,6474447.0,129798758.0,8.0,2.0
2021-08-10,4976,8677426,598057487,71.0,71.4,67.5,67.8,-3.7,5680,2021/08/10 13:50,4976.0,3850113.0,129798642.0,3.0,2.0
2021-08-10,4976,8677426,598057487,71.0,71.4,67.5,67.8,-3.7,5680,2021/08/10 13:40,4976.0,5310367.0,129796592.0,0.0,1.0
2021-08-10,4976,8677426,598057487,71.0,71.4,67.5,67.8,-3.7,5680,2021/08/10 13:23,4976.0,7162949.0,129793708.0,4.0,3.0
2021-08-10,4976,8677426,598057487,71.0,71.4,67.5,67.8,-3.7,5680,2021/08/10 12:57,4976.0,4927929.0,129789872.0,3.0,13.0
2021-08-10,4976,8677426,598057487,71.0,71.4,67.5,67.8,-3.7,5680,2021/08/10 12:44,4976.0,1385551.0,129787898.0,4.0,4.0
2021-08-10,4976,8677426,598057487,71.0,71.4,67.5,67.8,-3.7,5680,2021/08/10 12:12,4976.0,8643207.0,129783210.0,27.0,5.0
2021-08-10,4976,8677426,598057487,71.0,71.4,67.5,67.8,-3.7,5680,2021/08/10 12:03,4976.0,8742901.0,129781941.0,1.0,8.0
2021-08-10,4976,8677426,598057487,71.0,71.4,67.5,67.8,-3.7,5680,2021/08/10 11:48,4976.0,5165210.0,129779399.0,7.0,11.0
2021-08-10,4976,8677426,598057487,71.0,71.4,67.5,67.8,-3.7,5680,2021/08/10 11:23,4976.0,10888370.0,129775452.0,1.0,11.0
2021-08-10,4976,8677426,598057487,71.0,71.4,67.5,67.8,-3.7,5680,2021/08/10 10:48,4976.0,8742901.0,129769657.0,10.0,6.0
2021-08-10,4976,8677426,598057487,71.0,71.4,67.5,67.8,-3.7,5680,2021/08/10 10:34,4976.0,4792161.0,129767158.0,0.0,25.0
2021-08-10,4976,8677426,598057487,71.0,71.4,67.5,67.8,-3.7,5680,2021/08/10 10:27,4976.0,7162949.0,129766029.0,1.0,15.0
2021-08-10,4976,8677426,598057487,71.0,71.4,67.5,67.8,-3.7,5680,2021/08/10 10:21,4976.0,4254459.0,129764911.0,3.0,8.0
2021-08-10,4976,8677426,598057487,71.0,71.4,67.5,67.8,-3.7,5680,2021/08/10 10:02,4976.0,7162949.0,129761327.0,0.0,3.0
2021-08-10,4976,8677426,598057487,71.0,71.4,67.5,67.8,-3.7,5680,2021/08/10 09:57,4976.0,461045.0,129759969.0,4.0,26.0
2021-08-10,4976,8677426,598057487,71.0,71.4,67.5,67.8,-3.7,5680,2021/08/10 09:54,4976.0,6474447.0,129759506.0,0.0,4.0
2021-08-10,4976,8677426,598057487,71.0,71.4,67.5,67.8,-3.7,5680,2021/08/10 09:47,4976.0,1571400.0,129758098.0,0.0,4.0
2021-08-10,4976,8677426,598057487,71.0,71.4,67.5,67.8,-3.7,5680,2021/08/10 09:37,4976.0,1571400.0,129756226.0,2.0,6.0
2021-08-10,4976,8677426,598057487,71.0,71.4,67.5,67.8,-3.7,5680,2021/08/10 09:32,4976.0,4678855.0,129755112.0,4.0,6.0
2021-08-10,4976,8677426,598057487,71.0,71.4,67.5,67.8,-3.7,5680,2021/08/10 09:22,4976.0,5010555.0,129752988.0,0.0,5.0
2021-08-10,4976,8677426,598057487,71.0,71.4,67.5,67.8,-3.7,5680,2021/08/10 09:21,4976.0,10398927.0,129752951.0,0.0,8.0
2021-08-10,4976,8677426,598057487,71.0,71.4,67.5,67.8,-3.7,5680,2021/08/10 09:21,4976.0,3894406.0,129752927.0,0.0,8.0
2021-08-10,4976,8677426,598057487,71.0,71.4,67.5,67.8,-3.7,5680,2021/08/10 09:19,4976.0,5074300.0,129752632.0,0.0,11.0
2021-08-10,4976,8677426,598057487,71.0,71.4,67.5,67.8,-3.7,5680,2021/08/10 09:19,4976.0,9699251.0,129752489.0,2.0,5.0
2021-08-10,4976,8677426,598057487,71.0,71.4,67.5,67.8,-3.7,5680,2021/08/10 08:06,4976.0,9727708.0,129743886.0,0.0,1.0
2021-08-10,4976,8677426,598057487,71.0,71.4,67.5,67.8,-3.7,5680,2021/08/10 08:01,4976.0,1200505.0,129743644.0,0.0,4.0
2021-08-10,4976,8677426,598057487,71.0,71.4,67.5,67.8,-3.7,5680,2021/08/10 07:25,4976.0,5773144.0,129741191.0,2.0,2.0
2021-08-10,4976,8677426,598057487,71.0,71.4,67.5,67.8,-3.7,5680,2021/08/10 06:51,4976.0,4003561.0,129739788.0,6.0,27.0
2021-08-11,4976,9170553,616960239,68.5,69.7,65.4,67.1,-0.7,6081,2021/08/11 23:30,4976.0,6775305.0,130024496.0,5.0,10.0
2021-08-11,4976,9170553,616960239,68.5,69.7,65.4,67.1,-0.7,6081,2021/08/11 21:29,4976.0,5189890.0,130012356.0,3.0,13.0
2021-08-11,4976,9170553,616960239,68.5,69.7,65.4,67.1,-0.7,6081,2021/08/11 21:03,4976.0,4749317.0,130009469.0,2.0,6.0
2021-08-11,4976,9170553,616960239,68.5,69.7,65.4,67.1,-0.7,6081,2021/08/11 18:26,4976.0,6494648.0,129989225.0,3.0,3.0
2021-08-11,4976,9170553,616960239,68.5,69.7,65.4,67.1,-0.7,6081,2021/08/11 18:05,4976.0,1173353.0,129987394.0,1.0,9.0
2021-08-11,4976,9170553,616960239,68.5,69.7,65.4,67.1,-0.7,6081,2021/08/11 17:18,4976.0,3809573.0,129981598.0,11.0,12.0
2021-08-11,4976,9170553,616960239,68.5,69.7,65.4,67.1,-0.7,6081,2021/08/11 14:30,4976.0,7162949.0,129956357.0,7.0,4.0
2021-08-11,4976,9170553,616960239,68.5,69.7,65.4,67.1,-0.7,6081,2021/08/11 14:13,4976.0,8742901.0,129953655.0,1.0,2.0
2021-08-11,4976,9170553,616960239,68.5,69.7,65.4,67.1,-0.7,6081,2021/08/11 12:46,4976.0,3748496.0,129936548.0,1.0,3.0
2021-08-11,4976,9170553,616960239,68.5,69.7,65.4,67.1,-0.7,6081,2021/08/11 11:41,4976.0,4174475.0,129924148.0,5.0,11.0
2021-08-11,4976,9170553,616960239,68.5,69.7,65.4,67.1,-0.7,6081,2021/08/11 11:31,4976.0,8742901.0,129922345.0,1.0,5.0
2021-08-11,4976,9170553,616960239,68.5,69.7,65.4,67.1,-0.7,6081,2021/08/11 11:10,4976.0,1370590.0,129917850.0,0.0,5.0
2021-08-11,4976,9170553,616960239,68.5,69.7,65.4,67.1,-0.7,6081,2021/08/11 11:08,4976.0,3836310.0,129917624.0,10.0,4.0
2021-08-11,4976,9170553,616960239,68.5,69.7,65.4,67.1,-0.7,6081,2021/08/11 11:06,4976.0,1571400.0,129917338.0,0.0,8.0
2021-08-11,4976,9170553,616960239,68.5,69.7,65.4,67.1,-0.7,6081,2021/08/11 11:03,4976.0,8742901.0,129916873.0,0.0,6.0
2021-08-11,4976,9170553,616960239,68.5,69.7,65.4,67.1,-0.7,6081,2021/08/11 10:56,4976.0,6792802.0,129915309.0,6.0,7.0
2021-08-11,4976,9170553,616960239,68.5,69.7,65.4,67.1,-0.7,6081,2021/08/11 10:53,4976.0,3809573.0,129914967.0,1.0,7.0
2021-08-11,4976,9170553,616960239,68.5,69.7,65.4,67.1,-0.7,6081,2021/08/11 10:23,4976.0,6543545.0,129910046.0,0.0,3.0
2021-08-11,4976,9170553,616960239,68.5,69.7,65.4,67.1,-0.7,6081,2021/08/11 10:05,4976.0,5779182.0,129907045.0,2.0,4.0
2021-08-11,4976,9170553,616960239,68.5,69.7,65.4,67.1,-0.7,6081,2021/08/11 09:08,4976.0,7509594.0,129896629.0,1.0,3.0
2021-08-11,4976,9170553,616960239,68.5,69.7,65.4,67.1,-0.7,6081,2021/08/11 09:07,4976.0,6474447.0,129896404.0,4.0,6.0
2021-08-11,4976,9170553,616960239,68.5,69.7,65.4,67.1,-0.7,6081,2021/08/11 09:04,4976.0,1571400.0,129895810.0,0.0,6.0
2021-08-11,4976,9170553,616960239,68.5,69.7,65.4,67.1,-0.7,6081,2021/08/11 03:08,4976.0,9043256.0,129881030.0,3.0,11.0
2021-08-12,4976,4268365,289663032,68.2,68.8,66.0,68.7,1.6,2944,2021/08/12 23:28,4976.0,7288098.0,130156785.0,2.0,7.0
2021-08-12,4976,4268365,289663032,68.2,68.8,66.0,68.7,1.6,2944,2021/08/12 22:30,4976.0,8756719.0,130151801.0,2.0,5.0
2021-08-12,4976,4268365,289663032,68.2,68.8,66.0,68.7,1.6,2944,2021/08/12 22:21,4976.0,3848684.0,130150842.0,0.0,5.0
2021-08-12,4976,4268365,289663032,68.2,68.8,66.0,68.7,1.6,2944,2021/08/12 16:09,4976.0,4547184.0,130111849.0,1.0,9.0
2021-08-12,4976,4268365,289663032,68.2,68.8,66.0,68.7,1.6,2944,2021/08/12 15:42,4976.0,12326804.0,130108450.0,14.0,28.0
2021-08-12,4976,4268365,289663032,68.2,68.8,66.0,68.7,1.6,2944,2021/08/12 14:44,4976.0,478112.0,130101736.0,2.0,7.0
2021-08-12,4976,4268365,289663032,68.2,68.8,66.0,68.7,1.6,2944,2021/08/12 14:31,4976.0,7594266.0,130100414.0,2.0,11.0
2021-08-12,4976,4268365,289663032,68.2,68.8,66.0,68.7,1.6,2944,2021/08/12 13:56,4976.0,6891948.0,130095141.0,2.0,6.0
2021-08-12,4976,4268365,289663032,68.2,68.8,66.0,68.7,1.6,2944,2021/08/12 13:16,4976.0,3880505.0,130088388.0,1.0,6.0
2021-08-12,4976,4268365,289663032,68.2,68.8,66.0,68.7,1.6,2944,2021/08/12 12:02,4976.0,1173353.0,130077562.0,8.0,7.0
2021-08-12,4976,4268365,289663032,68.2,68.8,66.0,68.7,1.6,2944,2021/08/12 11:53,4976.0,13195735.0,130075940.0,3.0,3.0
2021-08-12,4976,4268365,289663032,68.2,68.8,66.0,68.7,1.6,2944,2021/08/12 11:27,4976.0,10694722.0,130072002.0,0.0,9.0
2021-08-12,4976,4268365,289663032,68.2,68.8,66.0,68.7,1.6,2944,2021/08/12 11:05,4976.0,5164782.0,130068722.0,1.0,6.0
2021-08-12,4976,4268365,289663032,68.2,68.8,66.0,68.7,1.6,2944,2021/08/12 10:53,4976.0,4792161.0,130066538.0,5.0,13.0
2021-08-12,4976,4268365,289663032,68.2,68.8,66.0,68.7,1.6,2944,2021/08/12 10:45,4976.0,5340114.0,130065356.0,5.0,4.0
2021-08-12,4976,4268365,289663032,68.2,68.8,66.0,68.7,1.6,2944,2021/08/12 10:13,4976.0,8742901.0,130060220.0,5.0,2.0
2021-08-12,4976,4268365,289663032,68.2,68.8,66.0,68.7,1.6,2944,2021/08/12 09:47,4976.0,7162949.0,130055850.0,0.0,1.0
2021-08-12,4976,4268365,289663032,68.2,68.8,66.0,68.7,1.6,2944,2021/08/12 09:44,4976.0,6792802.0,130055478.0,2.0,2.0
2021-08-12,4976,4268365,289663032,68.2,68.8,66.0,68.7,1.6,2944,2021/08/12 09:39,4976.0,10694722.0,130054545.0,0.0,5.0
2021-08-12,4976,4268365,289663032,68.2,68.8,66.0,68.7,1.6,2944,2021/08/12 09:21,4976.0,5340114.0,130051439.0,0.0,2.0
2021-08-12,4976,4268365,289663032,68.2,68.8,66.0,68.7,1.6,2944,2021/08/12 09:19,4976.0,6474447.0,130051159.0,0.0,1.0
2021-08-12,4976,4268365,289663032,68.2,68.8,66.0,68.7,1.6,2944,2021/08/12 06:53,4976.0,819484.0,130038957.0,2.0,12.0
2021-08-12,4976,4268365,289663032,68.2,68.8,66.0,68.7,1.6,2944,2021/08/12 02:19,4976.0,8742901.0,130033442.0,0.0,6.0
2021-08-13,4976,3688902,246096111,68.2,68.2,65.9,65.9,-2.8,2642,2021/08/13 21:32,4976.0,7080853.0,130277584.0,3.0,7.0
2021-08-13,4976,3688902,246096111,68.2,68.2,65.9,65.9,-2.8,2642,2021/08/13 16:30,4976.0,4174475.0,130252043.0,0.0,18.0
2021-08-13,4976,3688902,246096111,68.2,68.2,65.9,65.9,-2.8,2642,2021/08/13 13:46,4976.0,4174475.0,130228948.0,5.0,18.0
2021-08-13,4976,3688902,246096111,68.2,68.2,65.9,65.9,-2.8,2642,2021/08/13 13:43,4976.0,11553481.0,130228376.0,3.0,10.0
2021-08-13,4976,3688902,246096111,68.2,68.2,65.9,65.9,-2.8,2642,2021/08/13 13:40,4976.0,11553481.0,130227888.0,2.0,9.0
2021-08-13,4976,3688902,246096111,68.2,68.2,65.9,65.9,-2.8,2642,2021/08/13 13:37,4976.0,11553481.0,130227225.0,0.0,4.0
2021-08-13,4976,3688902,246096111,68.2,68.2,65.9,65.9,-2.8,2642,2021/08/13 12:29,4976.0,10694722.0,130215469.0,1.0,3.0
2021-08-13,4976,3688902,246096111,68.2,68.2,65.9,65.9,-2.8,2642,2021/08/13 12:23,4976.0,8742901.0,130214316.0,0.0,5.0
2021-08-13,4976,3688902,246096111,68.2,68.2,65.9,65.9,-2.8,2642,2021/08/13 11:36,4976.0,13195735.0,130206569.0,0.0,4.0
2021-08-13,4976,3688902,246096111,68.2,68.2,65.9,65.9,-2.8,2642,2021/08/13 11:34,4976.0,8742901.0,130206332.0,5.0,2.0
2021-08-13,4976,3688902,246096111,68.2,68.2,65.9,65.9,-2.8,2642,2021/08/13 09:11,4976.0,1571400.0,130181259.0,6.0,5.0
2021-08-16,4976,4283763,272956720,64.9,65.9,62.3,63.2,-2.7,2841,2021/08/16 22:57,4976.0,13205991.0,130517635.0,1.0,6.0
2021-08-16,4976,4283763,272956720,64.9,65.9,62.3,63.2,-2.7,2841,2021/08/16 21:05,4976.0,6494648.0,130507491.0,5.0,7.0
2021-08-16,4976,4283763,272956720,64.9,65.9,62.3,63.2,-2.7,2841,2021/08/16 20:00,4976.0,5164782.0,130500392.0,0.0,8.0
2021-08-16,4976,4283763,272956720,64.9,65.9,62.3,63.2,-2.7,2841,2021/08/16 19:58,4976.0,1764325.0,130500231.0,3.0,18.0
2021-08-16,4976,4283763,272956720,64.9,65.9,62.3,63.2,-2.7,2841,2021/08/16 19:52,4976.0,12962340.0,130499690.0,1.0,2.0
2021-08-16,4976,4283763,272956720,64.9,65.9,62.3,63.2,-2.7,2841,2021/08/16 19:39,4976.0,11553481.0,130498269.0,1.0,12.0
2021-08-16,4976,4283763,272956720,64.9,65.9,62.3,63.2,-2.7,2841,2021/08/16 19:03,4976.0,5760612.0,130494592.0,1.0,4.0
2021-08-16,4976,4283763,272956720,64.9,65.9,62.3,63.2,-2.7,2841,2021/08/16 17:29,4976.0,8756719.0,130487825.0,5.0,5.0
2021-08-16,4976,4283763,272956720,64.9,65.9,62.3,63.2,-2.7,2841,2021/08/16 16:35,4976.0,4174475.0,130481229.0,2.0,10.0
2021-08-16,4976,4283763,272956720,64.9,65.9,62.3,63.2,-2.7,2841,2021/08/16 14:56,4976.0,11553481.0,130468268.0,0.0,9.0
2021-08-16,4976,4283763,272956720,64.9,65.9,62.3,63.2,-2.7,2841,2021/08/16 14:20,4976.0,2442338.0,130464122.0,10.0,22.0
2021-08-16,4976,4283763,272956720,64.9,65.9,62.3,63.2,-2.7,2841,2021/08/16 13:50,4976.0,8742901.0,130459506.0,1.0,6.0
2021-08-16,4976,4283763,272956720,64.9,65.9,62.3,63.2,-2.7,2841,2021/08/16 13:34,4976.0,12671880.0,130457430.0,0.0,3.0
2021-08-16,4976,4283763,272956720,64.9,65.9,62.3,63.2,-2.7,2841,2021/08/16 12:10,4976.0,8742901.0,130446054.0,0.0,8.0
2021-08-16,4976,4283763,272956720,64.9,65.9,62.3,63.2,-2.7,2841,2021/08/16 11:17,4976.0,478112.0,130438367.0,4.0,16.0
2021-08-16,4976,4283763,272956720,64.9,65.9,62.3,63.2,-2.7,2841,2021/08/16 11:15,4976.0,6494648.0,130438126.0,5.0,24.0
2021-08-16,4976,4283763,272956720,64.9,65.9,62.3,63.2,-2.7,2841,2021/08/16 10:34,4976.0,3880505.0,130431666.0,2.0,5.0
2021-08-16,4976,4283763,272956720,64.9,65.9,62.3,63.2,-2.7,2841,2021/08/16 09:40,4976.0,461045.0,130422438.0,12.0,28.0
2021-08-16,4976,4283763,272956720,64.9,65.9,62.3,63.2,-2.7,2841,2021/08/16 09:33,4976.0,7509594.0,130421301.0,0.0,4.0
2021-08-16,4976,4283763,272956720,64.9,65.9,62.3,63.2,-2.7,2841,2021/08/16 09:31,4976.0,7509594.0,130421030.0,0.0,2.0
2021-08-16,4976,4283763,272956720,64.9,65.9,62.3,63.2,-2.7,2841,2021/08/16 09:30,4976.0,4792161.0,130420871.0,0.0,10.0
2021-08-16,4976,4283763,272956720,64.9,65.9,62.3,63.2,-2.7,2841,2021/08/16 01:59,4976.0,6263718.0,130405746.0,1.0,21.0
2021-08-17,4976,4535616,280950337,64.0,64.5,60.2,60.2,-3.0,3199,2021/08/17 18:26,4976.0,3880505.0,130611941.0,0.0,2.0
2021-08-17,4976,4535616,280950337,64.0,64.5,60.2,60.2,-3.0,3199,2021/08/17 16:58,4976.0,3959510.0,130604198.0,9.0,9.0
2021-08-17,4976,4535616,280950337,64.0,64.5,60.2,60.2,-3.0,3199,2021/08/17 15:35,4976.0,8742901.0,130591922.0,1.0,3.0
2021-08-17,4976,4535616,280950337,64.0,64.5,60.2,60.2,-3.0,3199,2021/08/17 15:28,4976.0,4578901.0,130591235.0,2.0,3.0
2021-08-17,4976,4535616,280950337,64.0,64.5,60.2,60.2,-3.0,3199,2021/08/17 14:56,4976.0,6273390.0,130587837.0,5.0,11.0
2021-08-17,4976,4535616,280950337,64.0,64.5,60.2,60.2,-3.0,3199,2021/08/17 12:59,4976.0,5202053.0,130569750.0,5.0,10.0
2021-08-17,4976,4535616,280950337,64.0,64.5,60.2,60.2,-3.0,3199,2021/08/17 12:42,4976.0,8742901.0,130567265.0,5.0,2.0
2021-08-17,4976,4535616,280950337,64.0,64.5,60.2,60.2,-3.0,3199,2021/08/17 11:48,4976.0,2262214.0,130559557.0,10.0,3.0
2021-08-17,4976,4535616,280950337,64.0,64.5,60.2,60.2,-3.0,3199,2021/08/17 11:47,4976.0,2262214.0,130559512.0,0.0,1.0
2021-08-17,4976,4535616,280950337,64.0,64.5,60.2,60.2,-3.0,3199,2021/08/17 11:30,4976.0,2262214.0,130557421.0,3.0,3.0
2021-08-17,4976,4535616,280950337,64.0,64.5,60.2,60.2,-3.0,3199,2021/08/17 11:29,4976.0,2262214.0,130557315.0,0.0,3.0
2021-08-17,4976,4535616,280950337,64.0,64.5,60.2,60.2,-3.0,3199,2021/08/17 10:22,4976.0,520083.0,130548731.0,0.0,1.0
2021-08-17,4976,4535616,280950337,64.0,64.5,60.2,60.2,-3.0,3199,2021/08/17 09:53,4976.0,11420480.0,130544516.0,1.0,2.0
2021-08-17,4976,4535616,280950337,64.0,64.5,60.2,60.2,-3.0,3199,2021/08/17 09:01,4976.0,4678855.0,130538091.0,6.0,1.0
2021-08-17,4976,4535616,280950337,64.0,64.5,60.2,60.2,-3.0,3199,2021/08/17 09:00,4976.0,6474447.0,130538056.0,0.0,2.0
2021-08-17,4976,4535616,280950337,64.0,64.5,60.2,60.2,-3.0,3199,2021/08/17 09:00,4976.0,11420480.0,130537564.0,0.0,0.0
2021-08-17,4976,4535616,280950337,64.0,64.5,60.2,60.2,-3.0,3199,2021/08/17 08:29,4976.0,8742901.0,130534952.0,0.0,3.0
2021-08-17,4976,4535616,280950337,64.0,64.5,60.2,60.2,-3.0,3199,2021/08/17 00:22,4976.0,5433171.0,130522915.0,0.0,4.0
2021-08-18,4976,9052369,561650207,58.8,65.5,58.0,65.1,4.9,5832,2021/08/18 20:47,4976.0,3880505.0,130754684.0,0.0,8.0
2021-08-18,4976,9052369,561650207,58.8,65.5,58.0,65.1,4.9,5832,2021/08/18 18:23,4976.0,1764325.0,130742034.0,1.0,16.0
2021-08-18,4976,9052369,561650207,58.8,65.5,58.0,65.1,4.9,5832,2021/08/18 17:46,4976.0,9844457.0,130739179.0,3.0,38.0
2021-08-18,4976,9052369,561650207,58.8,65.5,58.0,65.1,4.9,5832,2021/08/18 12:46,4976.0,6904559.0,130698499.0,4.0,8.0
2021-08-18,4976,9052369,561650207,58.8,65.5,58.0,65.1,4.9,5832,2021/08/18 12:41,4976.0,1623851.0,130697376.0,0.0,3.0
2021-08-18,4976,9052369,561650207,58.8,65.5,58.0,65.1,4.9,5832,2021/08/18 12:02,4976.0,478112.0,130691079.0,0.0,8.0
2021-08-18,4976,9052369,561650207,58.8,65.5,58.0,65.1,4.9,5832,2021/08/18 11:59,4976.0,6273390.0,130690474.0,0.0,7.0
2021-08-18,4976,9052369,561650207,58.8,65.5,58.0,65.1,4.9,5832,2021/08/18 10:50,4976.0,5481735.0,130679488.0,30.0,77.0
2021-08-18,4976,9052369,561650207,58.8,65.5,58.0,65.1,4.9,5832,2021/08/18 10:31,4976.0,7162949.0,130676209.0,3.0,2.0
2021-08-18,4976,9052369,561650207,58.8,65.5,58.0,65.1,4.9,5832,2021/08/18 09:57,4976.0,7827067.0,130670092.0,3.0,9.0
2021-08-18,4976,9052369,561650207,58.8,65.5,58.0,65.1,4.9,5832,2021/08/18 09:52,4976.0,5481735.0,130669138.0,29.0,28.0
2021-08-18,4976,9052369,561650207,58.8,65.5,58.0,65.1,4.9,5832,2021/08/18 09:36,4976.0,5481735.0,130666842.0,8.0,20.0
2021-08-18,4976,9052369,561650207,58.8,65.5,58.0,65.1,4.9,5832,2021/08/18 09:33,4976.0,3850113.0,130666289.0,0.0,7.0
2021-08-18,4976,9052369,561650207,58.8,65.5,58.0,65.1,4.9,5832,2021/08/18 09:21,4976.0,5481735.0,130664641.0,3.0,16.0
2021-08-19,4976,5214872,330051716,64.3,64.7,62.0,62.2,-2.9,3537,2021/08/19 21:21,4976.0,8742901.0,130883823.0,8.0,6.0
2021-08-19,4976,5214872,330051716,64.3,64.7,62.0,62.2,-2.9,3537,2021/08/19 18:40,4976.0,5481735.0,130866333.0,32.0,65.0
2021-08-19,4976,5214872,330051716,64.3,64.7,62.0,62.2,-2.9,3537,2021/08/19 11:21,4976.0,8703990.0,130808549.0,0.0,1.0
2021-08-19,4976,5214872,330051716,64.3,64.7,62.0,62.2,-2.9,3537,2021/08/19 09:36,4976.0,6024362.0,130793622.0,7.0,7.0
2021-08-20,4976,4211309,258228874,63.0,63.2,60.2,60.5,-1.7,3041,2021/08/20 22:49,4976.0,6547495.0,131003795.0,10.0,52.0
2021-08-20,4976,4211309,258228874,63.0,63.2,60.2,60.5,-1.7,3041,2021/08/20 13:17,4976.0,4603199.0,130951123.0,1.0,5.0
2021-08-20,4976,4211309,258228874,63.0,63.2,60.2,60.5,-1.7,3041,2021/08/20 12:53,4976.0,13202369.0,130948005.0,0.0,7.0
2021-08-20,4976,4211309,258228874,63.0,63.2,60.2,60.5,-1.7,3041,2021/08/20 12:29,4976.0,5315669.0,130945044.0,3.0,6.0
2021-08-20,4976,4211309,258228874,63.0,63.2,60.2,60.5,-1.7,3041,2021/08/20 10:22,4976.0,7162949.0,130928736.0,1.0,5.0
2021-08-23,4976,4441997,284489770,61.8,65.5,61.5,65.1,4.6,3135,2021/08/23 21:25,4976.0,8756719.0,131200945.0,0.0,6.0
2021-08-23,4976,4441997,284489770,61.8,65.5,61.5,65.1,4.6,3135,2021/08/23 18:04,4976.0,8742901.0,131184465.0,0.0,4.0
2021-08-23,4976,4441997,284489770,61.8,65.5,61.5,65.1,4.6,3135,2021/08/23 17:53,4976.0,1623851.0,131183660.0,3.0,2.0
2021-08-23,4976,4441997,284489770,61.8,65.5,61.5,65.1,4.6,3135,2021/08/23 12:37,4976.0,6904559.0,131149734.0,0.0,14.0
2021-08-23,4976,4441997,284489770,61.8,65.5,61.5,65.1,4.6,3135,2021/08/23 09:44,4976.0,7509594.0,131127206.0,5.0,12.0
2021-08-24,4976,4706800,300525411,65.2,66.3,62.6,63.5,-1.6,3287,2021/08/24 23:32,4976.0,5648004.0,131320234.0,1.0,7.0
2021-08-24,4976,4706800,300525411,65.2,66.3,62.6,63.5,-1.6,3287,2021/08/24 17:56,4976.0,8742901.0,131292957.0,1.0,3.0
2021-08-24,4976,4706800,300525411,65.2,66.3,62.6,63.5,-1.6,3287,2021/08/24 15:55,4976.0,7059321.0,131278326.0,5.0,2.0
2021-08-24,4976,4706800,300525411,65.2,66.3,62.6,63.5,-1.6,3287,2021/08/24 12:00,4976.0,8742901.0,131252060.0,3.0,6.0
2021-08-24,4976,4706800,300525411,65.2,66.3,62.6,63.5,-1.6,3287,2021/08/24 11:55,4976.0,8703990.0,131251323.0,0.0,7.0
2021-08-24,4976,4706800,300525411,65.2,66.3,62.6,63.5,-1.6,3287,2021/08/24 10:13,4976.0,6853273.0,131237705.0,2.0,5.0
2021-08-24,4976,4706800,300525411,65.2,66.3,62.6,63.5,-1.6,3287,2021/08/24 09:20,4976.0,1501648.0,131229927.0,1.0,4.0
2021-08-24,4976,4706800,300525411,65.2,66.3,62.6,63.5,-1.6,3287,2021/08/24 08:11,4976.0,4233212.0,131222829.0,1.0,4.0
2021-08-24,4976,4706800,300525411,65.2,66.3,62.6,63.5,-1.6,3287,2021/08/24 08:07,4976.0,6904559.0,131222617.0,2.0,5.0
2021-08-24,4976,4706800,300525411,65.2,66.3,62.6,63.5,-1.6,3287,2021/08/24 07:58,4976.0,5161517.0,131221209.0,7.0,20.0
2021-08-24,4976,4706800,300525411,65.2,66.3,62.6,63.5,-1.6,3287,2021/08/24 07:27,4976.0,8953105.0,131219553.0,2.0,20.0
2021-08-24,4976,4706800,300525411,65.2,66.3,62.6,63.5,-1.6,3287,2021/08/24 05:17,4976.0,896428.0,131216066.0,4.0,23.0
2021-08-24,4976,4706800,300525411,65.2,66.3,62.6,63.5,-1.6,3287,2021/08/24 01:47,4976.0,819484.0,131214412.0,1.0,16.0
2021-08-25,4976,4977365,335338167,63.5,69.8,63.2,69.8,6.3,3262,2021/08/25 23:00,4976.0,7191601.0,131428740.0,2.0,4.0
2021-08-25,4976,4977365,335338167,63.5,69.8,63.2,69.8,6.3,3262,2021/08/25 20:53,4976.0,8756719.0,131417862.0,0.0,9.0
2021-08-25,4976,4977365,335338167,63.5,69.8,63.2,69.8,6.3,3262,2021/08/25 19:31,4976.0,6904559.0,131410070.0,4.0,10.0
2021-08-25,4976,4977365,335338167,63.5,69.8,63.2,69.8,6.3,3262,2021/08/25 18:49,4976.0,1449082.0,131406684.0,3.0,8.0
2021-08-25,4976,4977365,335338167,63.5,69.8,63.2,69.8,6.3,3262,2021/08/25 18:31,4976.0,8703990.0,131405416.0,0.0,10.0
2021-08-25,4976,4977365,335338167,63.5,69.8,63.2,69.8,6.3,3262,2021/08/25 18:01,4976.0,6494648.0,131403339.0,2.0,13.0
2021-08-25,4976,4977365,335338167,63.5,69.8,63.2,69.8,6.3,3262,2021/08/25 17:55,4976.0,8703990.0,131402798.0,0.0,4.0
2021-08-25,4976,4977365,335338167,63.5,69.8,63.2,69.8,6.3,3262,2021/08/25 17:03,4976.0,4879944.0,131398863.0,0.0,6.0
2021-08-25,4976,4977365,335338167,63.5,69.8,63.2,69.8,6.3,3262,2021/08/25 16:08,4976.0,5695539.0,131391047.0,2.0,9.0
2021-08-25,4976,4977365,335338167,63.5,69.8,63.2,69.8,6.3,3262,2021/08/25 15:22,4976.0,2200237.0,131386378.0,3.0,12.0
2021-08-25,4976,4977365,335338167,63.5,69.8,63.2,69.8,6.3,3262,2021/08/25 15:16,4976.0,9557542.0,131385899.0,1.0,16.0
2021-08-25,4976,4977365,335338167,63.5,69.8,63.2,69.8,6.3,3262,2021/08/25 15:03,4976.0,8393736.0,131384670.0,1.0,12.0
2021-08-25,4976,4977365,335338167,63.5,69.8,63.2,69.8,6.3,3262,2021/08/25 14:28,4976.0,4660768.0,131381542.0,0.0,22.0
2021-08-25,4976,4977365,335338167,63.5,69.8,63.2,69.8,6.3,3262,2021/08/25 14:27,4976.0,3850113.0,131381365.0,0.0,11.0
2021-08-25,4976,4977365,335338167,63.5,69.8,63.2,69.8,6.3,3262,2021/08/25 12:49,4976.0,13101555.0,131367760.0,14.0,10.0
2021-08-25,4976,4977365,335338167,63.5,69.8,63.2,69.8,6.3,3262,2021/08/25 12:47,4976.0,5779182.0,131367579.0,0.0,4.0
2021-08-25,4976,4977365,335338167,63.5,69.8,63.2,69.8,6.3,3262,2021/08/25 12:27,4976.0,5763606.0,131364642.0,3.0,4.0
2021-08-25,4976,4977365,335338167,63.5,69.8,63.2,69.8,6.3,3262,2021/08/25 12:16,4976.0,4294362.0,131363344.0,0.0,4.0
2021-08-25,4976,4977365,335338167,63.5,69.8,63.2,69.8,6.3,3262,2021/08/25 11:32,4976.0,1623851.0,131357381.0,2.0,11.0
2021-08-25,4976,4977365,335338167,63.5,69.8,63.2,69.8,6.3,3262,2021/08/25 10:55,4976.0,12081814.0,131352848.0,0.0,9.0
2021-08-25,4976,4977365,335338167,63.5,69.8,63.2,69.8,6.3,3262,2021/08/25 10:54,4976.0,1623851.0,131352631.0,1.0,5.0
2021-08-25,4976,4977365,335338167,63.5,69.8,63.2,69.8,6.3,3262,2021/08/25 10:24,4976.0,6051035.0,131348799.0,2.0,9.0
2021-08-25,4976,4977365,335338167,63.5,69.8,63.2,69.8,6.3,3262,2021/08/25 10:21,4976.0,11742824.0,131348521.0,0.0,5.0
2021-08-25,4976,4977365,335338167,63.5,69.8,63.2,69.8,6.3,3262,2021/08/25 10:19,4976.0,3850113.0,131348227.0,1.0,2.0
2021-08-25,4976,4977365,335338167,63.5,69.8,63.2,69.8,6.3,3262,2021/08/25 10:13,4976.0,13172095.0,131347390.0,0.0,7.0
2021-08-25,4976,4977365,335338167,63.5,69.8,63.2,69.8,6.3,3262,2021/08/25 10:10,4976.0,7162949.0,131347006.0,2.0,4.0
2021-08-25,4976,4977365,335338167,63.5,69.8,63.2,69.8,6.3,3262,2021/08/25 10:07,4976.0,6904559.0,131346633.0,0.0,5.0
2021-08-25,4976,4977365,335338167,63.5,69.8,63.2,69.8,6.3,3262,2021/08/25 10:04,4976.0,6904559.0,131346230.0,2.0,6.0
2021-08-25,4976,4977365,335338167,63.5,69.8,63.2,69.8,6.3,3262,2021/08/25 10:04,4976.0,478112.0,131346165.0,0.0,5.0
2021-08-25,4976,4977365,335338167,63.5,69.8,63.2,69.8,6.3,3262,2021/08/25 10:04,4976.0,5340114.0,131346109.0,0.0,8.0
2021-08-25,4976,4977365,335338167,63.5,69.8,63.2,69.8,6.3,3262,2021/08/25 10:03,4976.0,6009584.0,131345951.0,1.0,6.0
2021-08-25,4976,4977365,335338167,63.5,69.8,63.2,69.8,6.3,3262,2021/08/25 10:02,4976.0,6035224.0,131345927.0,2.0,4.0
2021-08-25,4976,4977365,335338167,63.5,69.8,63.2,69.8,6.3,3262,2021/08/25 10:02,4976.0,4655592.0,131345873.0,0.0,4.0
2021-08-25,4976,4977365,335338167,63.5,69.8,63.2,69.8,6.3,3262,2021/08/25 10:01,4976.0,11368474.0,131345680.0,0.0,7.0
2021-08-25,4976,4977365,335338167,63.5,69.8,63.2,69.8,6.3,3262,2021/08/25 09:42,4976.0,9844457.0,131343095.0,4.0,22.0
2021-08-25,4976,4977365,335338167,63.5,69.8,63.2,69.8,6.3,3262,2021/08/25 09:31,4976.0,8643207.0,131341840.0,6.0,3.0
2021-08-26,4976,21974818,1589392784,75.0,75.0,70.0,72.2,2.4,13648,2021/08/26 21:45,4976.0,8703990.0,131531442.0,2.0,6.0
2021-08-26,4976,21974818,1589392784,75.0,75.0,70.0,72.2,2.4,13648,2021/08/26 19:21,4976.0,6904559.0,131519888.0,6.0,14.0
2021-08-26,4976,21974818,1589392784,75.0,75.0,70.0,72.2,2.4,13648,2021/08/26 19:08,4976.0,5648630.0,131518887.0,12.0,7.0
2021-08-26,4976,21974818,1589392784,75.0,75.0,70.0,72.2,2.4,13648,2021/08/26 17:45,4976.0,7162949.0,131512811.0,3.0,7.0
2021-08-26,4976,21974818,1589392784,75.0,75.0,70.0,72.2,2.4,13648,2021/08/26 13:24,4976.0,5481735.0,131485058.0,39.0,77.0
2021-08-26,4976,21974818,1589392784,75.0,75.0,70.0,72.2,2.4,13648,2021/08/26 13:08,4976.0,5594098.0,131482951.0,3.0,13.0
2021-08-26,4976,21974818,1589392784,75.0,75.0,70.0,72.2,2.4,13648,2021/08/26 13:07,4976.0,1680107.0,131482835.0,2.0,3.0
2021-08-26,4976,21974818,1589392784,75.0,75.0,70.0,72.2,2.4,13648,2021/08/26 13:06,4976.0,7509594.0,131482737.0,0.0,5.0
2021-08-26,4976,21974818,1589392784,75.0,75.0,70.0,72.2,2.4,13648,2021/08/26 12:42,4976.0,1623851.0,131479639.0,1.0,4.0
2021-08-26,4976,21974818,1589392784,75.0,75.0,70.0,72.2,2.4,13648,2021/08/26 12:32,4976.0,4031185.0,131478553.0,1.0,9.0
2021-08-26,4976,21974818,1589392784,75.0,75.0,70.0,72.2,2.4,13648,2021/08/26 12:30,4976.0,1507647.0,131478241.0,0.0,7.0
2021-08-26,4976,21974818,1589392784,75.0,75.0,70.0,72.2,2.4,13648,2021/08/26 11:27,4976.0,7227999.0,131469823.0,1.0,4.0
2021-08-26,4976,21974818,1589392784,75.0,75.0,70.0,72.2,2.4,13648,2021/08/26 11:10,4976.0,4254459.0,131467627.0,1.0,0.0
2021-08-26,4976,21974818,1589392784,75.0,75.0,70.0,72.2,2.4,13648,2021/08/26 10:53,4976.0,1163522.0,131465322.0,1.0,9.0
2021-08-26,4976,21974818,1589392784,75.0,75.0,70.0,72.2,2.4,13648,2021/08/26 10:01,4976.0,5481735.0,131457831.0,59.0,47.0
2021-08-26,4976,21974818,1589392784,75.0,75.0,70.0,72.2,2.4,13648,2021/08/26 10:00,4976.0,7509594.0,131457222.0,1.0,1.0
2021-08-26,4976,21974818,1589392784,75.0,75.0,70.0,72.2,2.4,13648,2021/08/26 09:58,4976.0,12789753.0,131456861.0,1.0,2.0
2021-08-26,4976,21974818,1589392784,75.0,75.0,70.0,72.2,2.4,13648,2021/08/26 09:46,4976.0,7162949.0,131455190.0,0.0,2.0
2021-08-26,4976,21974818,1589392784,75.0,75.0,70.0,72.2,2.4,13648,2021/08/26 09:41,4976.0,1507647.0,131454370.0,3.0,7.0
2021-08-26,4976,21974818,1589392784,75.0,75.0,70.0,72.2,2.4,13648,2021/08/26 09:38,4976.0,397038.0,131453957.0,0.0,0.0
2021-08-26,4976,21974818,1589392784,75.0,75.0,70.0,72.2,2.4,13648,2021/08/26 09:37,4976.0,1752891.0,131453908.0,7.0,60.0
2021-08-26,4976,21974818,1589392784,75.0,75.0,70.0,72.2,2.4,13648,2021/08/26 09:13,4976.0,9901336.0,131450549.0,4.0,6.0
2021-08-26,4976,21974818,1589392784,75.0,75.0,70.0,72.2,2.4,13648,2021/08/26 09:10,4976.0,5481735.0,131450137.0,122.0,34.0
2021-08-26,4976,21974818,1589392784,75.0,75.0,70.0,72.2,2.4,13648,2021/08/26 09:08,4976.0,397038.0,131449902.0,1.0,2.0
2021-08-27,4976,6344200,453013944,72.1,72.8,70.4,70.8,-1.4,4420,2021/08/27 21:44,4976.0,5431333.0,131635283.0,0.0,9.0
2021-08-27,4976,6344200,453013944,72.1,72.8,70.4,70.8,-1.4,4420,2021/08/27 14:53,4976.0,9182759.0,131602101.0,12.0,23.0
2021-08-27,4976,6344200,453013944,72.1,72.8,70.4,70.8,-1.4,4420,2021/08/27 14:15,4976.0,5732576.0,131597599.0,11.0,81.0
2021-08-27,4976,6344200,453013944,72.1,72.8,70.4,70.8,-1.4,4420,2021/08/27 14:11,4976.0,4151741.0,131597153.0,4.0,12.0
2021-08-27,4976,6344200,453013944,72.1,72.8,70.4,70.8,-1.4,4420,2021/08/27 12:55,4976.0,1385551.0,131587308.0,4.0,2.0
2021-08-27,4976,6344200,453013944,72.1,72.8,70.4,70.8,-1.4,4420,2021/08/27 11:31,4976.0,7162949.0,131576643.0,1.0,5.0
2021-08-27,4976,6344200,453013944,72.1,72.8,70.4,70.8,-1.4,4420,2021/08/27 09:46,4976.0,7162949.0,131562266.0,2.0,7.0
2021-08-27,4976,6344200,453013944,72.1,72.8,70.4,70.8,-1.4,4420,2021/08/27 09:29,4976.0,5615583.0,131559945.0,0.0,10.0
2021-08-27,4976,6344200,453013944,72.1,72.8,70.4,70.8,-1.4,4420,2021/08/27 08:40,4976.0,5370095.0,131553717.0,0.0,14.0
2021-08-27,4976,6344200,453013944,72.1,72.8,70.4,70.8,-1.4,4420,2021/08/27 07:26,4976.0,896428.0,131548996.0,3.0,27.0
2021-08-27,4976,6344200,453013944,72.1,72.8,70.4,70.8,-1.4,4420,2021/08/27 06:13,4976.0,6904559.0,131546795.0,1.0,8.0
2021-08-30,4976,4459178,310753071,71.5,71.7,68.6,68.9,-1.9,3115,2021/08/30 23:29,4976.0,7166679.0,131819461.0,1.0,2.0
2021-08-30,4976,4459178,310753071,71.5,71.7,68.6,68.9,-1.9,3115,2021/08/30 20:24,4976.0,5773144.0,131807175.0,0.0,9.0
2021-08-30,4976,4459178,310753071,71.5,71.7,68.6,68.9,-1.9,3115,2021/08/30 17:42,4976.0,7166679.0,131797535.0,2.0,15.0
2021-08-30,4976,4459178,310753071,71.5,71.7,68.6,68.9,-1.9,3115,2021/08/30 12:36,4976.0,4206944.0,131770062.0,2.0,17.0
2021-08-30,4976,4459178,310753071,71.5,71.7,68.6,68.9,-1.9,3115,2021/08/30 11:14,4976.0,4206944.0,131761420.0,5.0,7.0
2021-08-30,4976,4459178,310753071,71.5,71.7,68.6,68.9,-1.9,3115,2021/08/30 11:09,4976.0,12789753.0,131761045.0,2.0,8.0
2021-08-30,4976,4459178,310753071,71.5,71.7,68.6,68.9,-1.9,3115,2021/08/30 10:16,4976.0,7162949.0,131755518.0,0.0,5.0
2021-08-30,4976,4459178,310753071,71.5,71.7,68.6,68.9,-1.9,3115,2021/08/30 09:54,4976.0,9901336.0,131752582.0,7.0,5.0
2021-08-30,4976,4459178,310753071,71.5,71.7,68.6,68.9,-1.9,3115,2021/08/30 09:27,4976.0,1898643.0,131749609.0,0.0,0.0
2021-08-30,4976,4459178,310753071,71.5,71.7,68.6,68.9,-1.9,3115,2021/08/30 05:51,4976.0,4296373.0,131739329.0,1.0,26.0
2021-08-31,4976,3507528,237650255,69.0,69.3,66.8,67.8,-1.1,2511,2021/08/31 23:18,4976.0,4369088.0,131920061.0,1.0,2.0
2021-09-01,4976,8594115,633931832,68.0,74.5,67.9,74.5,6.7,4012,2021/09/01 21:58,4976.0,4162955.0,132022365.0,4.0,19.0
2021-09-01,4976,8594115,633931832,68.0,74.5,67.9,74.5,6.7,4012,2021/09/01 21:52,4976.0,6064732.0,132021824.0,27.0,356.0
2021-09-01,4976,8594115,633931832,68.0,74.5,67.9,74.5,6.7,4012,2021/09/01 21:50,4976.0,13101555.0,132021629.0,0.0,5.0
2021-09-01,4976,8594115,633931832,68.0,74.5,67.9,74.5,6.7,4012,2021/09/01 21:30,4976.0,691822.0,132020127.0,0.0,5.0
2021-09-01,4976,8594115,633931832,68.0,74.5,67.9,74.5,6.7,4012,2021/09/01 21:17,4976.0,5932741.0,132019144.0,0.0,5.0
2021-09-01,4976,8594115,633931832,68.0,74.5,67.9,74.5,6.7,4012,2021/09/01 19:39,4976.0,819484.0,132011076.0,1.0,14.0
2021-09-01,4976,8594115,633931832,68.0,74.5,67.9,74.5,6.7,4012,2021/09/01 18:50,4976.0,7863970.0,132007556.0,1.0,18.0
2021-09-01,4976,8594115,633931832,68.0,74.5,67.9,74.5,6.7,4012,2021/09/01 18:46,4976.0,819484.0,132007349.0,1.0,26.0
2021-09-01,4976,8594115,633931832,68.0,74.5,67.9,74.5,6.7,4012,2021/09/01 18:16,4976.0,2048086.0,132005025.0,0.0,3.0
2021-09-01,4976,8594115,633931832,68.0,74.5,67.9,74.5,6.7,4012,2021/09/01 17:29,4976.0,8756719.0,132001154.0,0.0,8.0
2021-09-01,4976,8594115,633931832,68.0,74.5,67.9,74.5,6.7,4012,2021/09/01 16:56,4976.0,9708221.0,131998332.0,0.0,11.0
2021-09-01,4976,8594115,633931832,68.0,74.5,67.9,74.5,6.7,4012,2021/09/01 14:26,4976.0,7179919.0,131979774.0,3.0,29.0
2021-09-01,4976,8594115,633931832,68.0,74.5,67.9,74.5,6.7,4012,2021/09/01 12:54,4976.0,9182759.0,131968068.0,6.0,16.0
2021-09-01,4976,8594115,633931832,68.0,74.5,67.9,74.5,6.7,4012,2021/09/01 11:42,4976.0,819484.0,131958026.0,3.0,16.0
2021-09-01,4976,8594115,633931832,68.0,74.5,67.9,74.5,6.7,4012,2021/09/01 10:39,4976.0,4368536.0,131950128.0,3.0,9.0
2021-09-01,4976,8594115,633931832,68.0,74.5,67.9,74.5,6.7,4012,2021/09/01 10:29,4976.0,7059321.0,131948941.0,0.0,9.0
2021-09-01,4976,8594115,633931832,68.0,74.5,67.9,74.5,6.7,4012,2021/09/01 09:57,4976.0,7162949.0,131944214.0,0.0,2.0
2021-09-01,4976,8594115,633931832,68.0,74.5,67.9,74.5,6.7,4012,2021/09/01 09:45,4976.0,4604963.0,131942496.0,1.0,2.0
2021-09-01,4976,8594115,633931832,68.0,74.5,67.9,74.5,6.7,4012,2021/09/01 09:44,4976.0,478112.0,131942424.0,1.0,2.0
2021-09-01,4976,8594115,633931832,68.0,74.5,67.9,74.5,6.7,4012,2021/09/01 09:42,4976.0,10694722.0,131942216.0,0.0,6.0
2021-09-01,4976,8594115,633931832,68.0,74.5,67.9,74.5,6.7,4012,2021/09/01 09:27,4976.0,12755310.0,131940349.0,0.0,6.0
2021-09-01,4976,8594115,633931832,68.0,74.5,67.9,74.5,6.7,4012,2021/09/01 09:24,4976.0,9137884.0,131940008.0,1.0,14.0
2021-09-01,4976,8594115,633931832,68.0,74.5,67.9,74.5,6.7,4012,2021/09/01 09:24,4976.0,11225914.0,131939996.0,0.0,8.0
2021-09-01,4976,8594115,633931832,68.0,74.5,67.9,74.5,6.7,4012,2021/09/01 09:21,4976.0,1623851.0,131939457.0,1.0,5.0
2021-09-01,4976,8594115,633931832,68.0,74.5,67.9,74.5,6.7,4012,2021/09/01 09:10,4976.0,8283683.0,131938297.0,5.0,6.0
2021-09-01,4976,8594115,633931832,68.0,74.5,67.9,74.5,6.7,4012,2021/09/01 09:07,4976.0,5340114.0,131938016.0,1.0,13.0
2021-09-01,4976,8594115,633931832,68.0,74.5,67.9,74.5,6.7,4012,2021/09/01 09:07,4976.0,11222881.0,131938008.0,0.0,5.0
2021-09-01,4976,8594115,633931832,68.0,74.5,67.9,74.5,6.7,4012,2021/09/01 09:07,4976.0,1608254.0,131937983.0,0.0,5.0
2021-09-02,4976,16534706,1208681806,74.5,74.9,70.8,71.5,-3.0,10169,2021/09/02 21:17,4976.0,4369088.0,132126485.0,0.0,7.0
2021-09-02,4976,16534706,1208681806,74.5,74.9,70.8,71.5,-3.0,10169,2021/09/02 19:46,4976.0,4003561.0,132117843.0,2.0,40.0
2021-09-02,4976,16534706,1208681806,74.5,74.9,70.8,71.5,-3.0,10169,2021/09/02 18:25,4976.0,2048086.0,132111278.0,2.0,16.0
2021-09-02,4976,16534706,1208681806,74.5,74.9,70.8,71.5,-3.0,10169,2021/09/02 17:59,4976.0,5305127.0,132109302.0,83.0,616.0
2021-09-02,4976,16534706,1208681806,74.5,74.9,70.8,71.5,-3.0,10169,2021/09/02 13:42,4976.0,819484.0,132083683.0,7.0,19.0
2021-09-02,4976,16534706,1208681806,74.5,74.9,70.8,71.5,-3.0,10169,2021/09/02 13:39,4976.0,6723652.0,132083328.0,0.0,18.0
2021-09-02,4976,16534706,1208681806,74.5,74.9,70.8,71.5,-3.0,10169,2021/09/02 13:05,4976.0,5697352.0,132079314.0,0.0,7.0
2021-09-02,4976,16534706,1208681806,74.5,74.9,70.8,71.5,-3.0,10169,2021/09/02 11:24,4976.0,5305127.0,132066655.0,5.0,81.0
2021-09-02,4976,16534706,1208681806,74.5,74.9,70.8,71.5,-3.0,10169,2021/09/02 11:03,4976.0,4206944.0,132064090.0,2.0,8.0
2021-09-02,4976,16534706,1208681806,74.5,74.9,70.8,71.5,-3.0,10169,2021/09/02 11:02,4976.0,4798272.0,132063979.0,0.0,6.0
2021-09-02,4976,16534706,1208681806,74.5,74.9,70.8,71.5,-3.0,10169,2021/09/02 10:34,4976.0,621185.0,132059629.0,6.0,37.0
2021-09-02,4976,16534706,1208681806,74.5,74.9,70.8,71.5,-3.0,10169,2021/09/02 10:27,4976.0,12789753.0,132058740.0,6.0,0.0
2021-09-02,4976,16534706,1208681806,74.5,74.9,70.8,71.5,-3.0,10169,2021/09/02 10:00,4976.0,425559.0,132054671.0,4.0,4.0
2021-09-02,4976,16534706,1208681806,74.5,74.9,70.8,71.5,-3.0,10169,2021/09/02 09:34,4976.0,5340114.0,132050988.0,0.0,7.0
2021-09-02,4976,16534706,1208681806,74.5,74.9,70.8,71.5,-3.0,10169,2021/09/02 09:30,4976.0,5305127.0,132050432.0,13.0,122.0
2021-09-02,4976,16534706,1208681806,74.5,74.9,70.8,71.5,-3.0,10169,2021/09/02 08:36,4976.0,819484.0,132044337.0,0.0,10.0
2021-09-02,4976,16534706,1208681806,74.5,74.9,70.8,71.5,-3.0,10169,2021/09/02 08:32,4976.0,5180370.0,132044047.0,2.0,1.0
2021-09-02,4976,16534706,1208681806,74.5,74.9,70.8,71.5,-3.0,10169,2021/09/02 08:11,4976.0,819484.0,132042691.0,0.0,19.0
2021-09-02,4976,16534706,1208681806,74.5,74.9,70.8,71.5,-3.0,10169,2021/09/02 07:18,4976.0,4003561.0,132039642.0,8.0,54.0
2021-09-03,4976,8291954,598031087,72.5,73.4,70.9,71.1,-0.4,4807,2021/09/03 11:18,4976.0,927366.0,132170876.0,1.0,10.0
2021-09-03,4976,8291954,598031087,72.5,73.4,70.9,71.1,-0.4,4807,2021/09/03 09:42,4976.0,11351726.0,132157264.0,3.0,17.0
2021-09-03,4976,8291954,598031087,72.5,73.4,70.9,71.1,-0.4,4807,2021/09/03 08:40,4976.0,12016512.0,132150093.0,0.0,7.0
2021-09-06,4976,5331930,380766758,71.0,73.0,69.5,70.0,-1.1,3829,2021/09/06 18:22,4976.0,4206944.0,132421542.0,11.0,12.0
2021-09-06,4976,5331930,380766758,71.0,73.0,69.5,70.0,-1.1,3829,2021/09/06 13:15,4976.0,6191159.0,132386843.0,0.0,6.0
2021-09-06,4976,5331930,380766758,71.0,73.0,69.5,70.0,-1.1,3829,2021/09/06 09:37,4976.0,5615583.0,132359125.0,1.0,22.0
2021-09-06,4976,5331930,380766758,71.0,73.0,69.5,70.0,-1.1,3829,2021/09/06 09:19,4976.0,4139837.0,132357265.0,3.0,21.0
2021-09-07,4976,3629066,251171415,70.1,71.2,67.8,70.0,0.0,2586,2021/09/07 19:50,4976.0,5180370.0,132532237.0,0.0,5.0
2021-09-07,4976,3629066,251171415,70.1,71.2,67.8,70.0,0.0,2586,2021/09/07 13:33,4976.0,11368474.0,132496004.0,5.0,12.0
2021-09-07,4976,3629066,251171415,70.1,71.2,67.8,70.0,0.0,2586,2021/09/07 12:01,4976.0,1922611.0,132484912.0,1.0,8.0
2021-09-07,4976,3629066,251171415,70.1,71.2,67.8,70.0,0.0,2586,2021/09/07 09:48,4976.0,927366.0,132468210.0,0.0,3.0
2021-09-08,4976,7537134,533434288,70.7,73.0,68.5,68.5,-1.5,5360,2021/09/08 20:39,4976.0,6636009.0,132639745.0,5.0,17.0
2021-09-08,4976,7537134,533434288,70.7,73.0,68.5,68.5,-1.5,5360,2021/09/08 18:32,4976.0,5648630.0,132629771.0,3.0,14.0
2021-09-08,4976,7537134,533434288,70.7,73.0,68.5,68.5,-1.5,5360,2021/09/08 17:24,4976.0,8756719.0,132624607.0,0.0,12.0
2021-09-08,4976,7537134,533434288,70.7,73.0,68.5,68.5,-1.5,5360,2021/09/08 13:42,4976.0,4206944.0,132599804.0,0.0,7.0
2021-09-08,4976,7537134,533434288,70.7,73.0,68.5,68.5,-1.5,5360,2021/09/08 13:08,4976.0,6853273.0,132595579.0,4.0,6.0
2021-09-08,4976,7537134,533434288,70.7,73.0,68.5,68.5,-1.5,5360,2021/09/08 13:05,4976.0,6191159.0,132595271.0,0.0,5.0
2021-09-08,4976,7537134,533434288,70.7,73.0,68.5,68.5,-1.5,5360,2021/09/08 12:39,4976.0,1922611.0,132592067.0,7.0,2.0
2021-09-08,4976,7537134,533434288,70.7,73.0,68.5,68.5,-1.5,5360,2021/09/08 12:08,4976.0,1922611.0,132588259.0,0.0,4.0
2021-09-08,4976,7537134,533434288,70.7,73.0,68.5,68.5,-1.5,5360,2021/09/08 11:42,4976.0,1922611.0,132584700.0,2.0,5.0
2021-09-08,4976,7537134,533434288,70.7,73.0,68.5,68.5,-1.5,5360,2021/09/08 11:24,4976.0,6191159.0,132582427.0,3.0,3.0
2021-09-08,4976,7537134,533434288,70.7,73.0,68.5,68.5,-1.5,5360,2021/09/08 11:07,4976.0,6853273.0,132580282.0,0.0,3.0
2021-09-08,4976,7537134,533434288,70.7,73.0,68.5,68.5,-1.5,5360,2021/09/08 10:55,4976.0,1338393.0,132578797.0,2.0,3.0
2021-09-08,4976,7537134,533434288,70.7,73.0,68.5,68.5,-1.5,5360,2021/09/08 10:09,4976.0,927366.0,132573184.0,1.0,2.0
2021-09-08,4976,7537134,533434288,70.7,73.0,68.5,68.5,-1.5,5360,2021/09/08 09:15,4976.0,7175692.0,132566293.0,0.0,10.0
2021-09-08,4976,7537134,533434288,70.7,73.0,68.5,68.5,-1.5,5360,2021/09/08 09:11,4976.0,4139837.0,132565748.0,0.0,11.0
2021-09-08,4976,7537134,533434288,70.7,73.0,68.5,68.5,-1.5,5360,2021/09/08 09:10,4976.0,927366.0,132565695.0,1.0,3.0
2021-09-08,4976,7537134,533434288,70.7,73.0,68.5,68.5,-1.5,5360,2021/09/08 08:49,4976.0,4139837.0,132562872.0,0.0,8.0
2021-09-09,4976,5023942,336218115,65.1,68.5,65.1,67.4,-1.1,3464,2021/09/09 20:02,4976.0,8784029.0,132734293.0,0.0,0.0
2021-09-09,4976,5023942,336218115,65.1,68.5,65.1,67.4,-1.1,3464,2021/09/09 16:22,4976.0,4792161.0,132719385.0,1.0,1.0
2021-09-09,4976,5023942,336218115,65.1,68.5,65.1,67.4,-1.1,3464,2021/09/09 13:07,4976.0,5127614.0,132696879.0,0.0,9.0
2021-09-09,4976,5023942,336218115,65.1,68.5,65.1,67.4,-1.1,3464,2021/09/09 12:48,4976.0,1922611.0,132694664.0,1.0,1.0
2021-09-09,4976,5023942,336218115,65.1,68.5,65.1,67.4,-1.1,3464,2021/09/09 10:39,4976.0,1922611.0,132680278.0,2.0,5.0
2021-09-09,4976,5023942,336218115,65.1,68.5,65.1,67.4,-1.1,3464,2021/09/09 09:14,4976.0,1680107.0,132669938.0,4.0,8.0
2021-09-09,4976,5023942,336218115,65.1,68.5,65.1,67.4,-1.1,3464,2021/09/09 08:16,4976.0,7693164.0,132664551.0,6.0,6.0
