date,datetime,stockid,userid,artid,reply,likes
2021/09/04,2021/09/04 09:16,6104,678337,132252631,0,2
2021/09/04,2021/09/04 09:14,6104,10132210,132252566,0,0
2021/09/04,2021/09/04 01:48,6104,4544120,132244875,3,35
2021/09/03,2021/09/03 23:14,6104,10132210,132240068,0,12
2021/09/03,2021/09/03 23:09,6104,5732576,132239869,6,111
2021/09/03,2021/09/03 22:12,6104,4210194,132236374,2,2
2021/09/03,2021/09/03 21:58,6104,417842,132235334,0,6
2021/09/03,2021/09/03 21:32,6104,7086914,132233683,1,11
2021/09/03,2021/09/03 21:30,6104,6064732,132233574,11,148
2021/09/03,2021/09/03 20:47,6104,4634584,132230274,1,27
2021/09/03,2021/09/03 19:52,6104,12957670,132226241,10,20
2021/09/03,2021/09/03 19:30,6104,10286482,132224675,9,31
2021/09/03,2021/09/03 18:25,6104,6888657,132220316,0,9
2021/09/03,2021/09/03 18:04,6104,4220337,132218854,0,10
2021/09/03,2021/09/03 18:02,6104,7425449,132218750,2,6
2021/09/03,2021/09/03 17:59,6104,662117,132218488,35,112
2021/09/03,2021/09/03 17:51,6104,10607397,132217886,7,9
2021/09/03,2021/09/03 17:51,6104,1170844,132217871,4,3
2021/09/03,2021/09/03 17:40,6104,1237118,132217120,1,13
2021/09/03,2021/09/03 17:14,6104,1176933,132215279,187,392
2021/09/03,2021/09/03 16:30,6104,955651,132211398,4,8
2021/09/03,2021/09/03 16:05,6104,12416380,132206910,0,11
2021/09/03,2021/09/03 15:36,6104,5732576,132204256,12,83
2021/09/03,2021/09/03 15:20,6104,2393907,132202753,10,33
2021/09/03,2021/09/03 15:11,6104,4654976,132201617,1,6
2021/09/03,2021/09/03 15:06,6104,5503435,132200902,8,17
2021/09/03,2021/09/03 14:58,6104,1221738,132200155,1,4
2021/09/03,2021/09/03 14:42,6104,5723960,132198585,11,12
2021/09/03,2021/09/03 14:31,6104,3729073,132197602,2,48
2021/09/03,2021/09/03 14:23,6104,9487286,132196829,18,9
2021/09/03,2021/09/03 14:15,6104,3791972,132195958,5,18
2021/09/03,2021/09/03 14:06,6104,4436091,132195150,7,10
2021/09/03,2021/09/03 13:57,6104,5014865,132193304,0,19
2021/09/03,2021/09/03 13:56,6104,12773334,132193106,6,18
2021/09/03,2021/09/03 13:51,6104,4457165,132192562,20,25
2021/09/03,2021/09/03 13:47,6104,1603831,132191692,22,229
2021/09/03,2021/09/03 13:41,6104,9874237,132190995,4,6
2021/09/03,2021/09/03 13:39,6104,11207779,132190753,6,12
2021/09/03,2021/09/03 13:39,6104,4272012,132190711,0,6
2021/09/03,2021/09/03 13:37,6104,5824704,132190530,1,13
2021/09/03,2021/09/03 13:37,6104,11986123,132190503,0,9
2021/09/03,2021/09/03 13:36,6104,1608254,132190382,0,7
2021/09/03,2021/09/03 13:35,6104,12416380,132190195,16,11
2021/09/03,2021/09/03 13:34,6104,12217121,132190039,4,14
2021/09/03,2021/09/03 13:34,6104,4259389,132190009,0,7
2021/09/03,2021/09/03 13:33,6104,9854269,132189972,4,13
2021/09/03,2021/09/03 13:33,6104,13499285,132189861,0,6
2021/09/03,2021/09/03 13:33,6104,10563810,132189855,0,5
2021/09/03,2021/09/03 13:32,6104,5026356,132189757,0,6
2021/09/03,2021/09/03 13:30,6104,7554659,132189569,0,13
2021/09/03,2021/09/03 13:30,6104,458136,132189465,8,11
2021/09/03,2021/09/03 13:29,6104,1056496,132189304,1,9
2021/09/03,2021/09/03 13:28,6104,6736464,132189254,0,8
2021/09/03,2021/09/03 13:28,6104,10956787,132189232,0,9
2021/09/03,2021/09/03 13:28,6104,1108459,132189231,4,16
2021/09/03,2021/09/03 13:28,6104,4586130,132189228,2,17
2021/09/03,2021/09/03 13:27,6104,10784384,132189189,0,17
2021/09/03,2021/09/03 13:27,6104,7959473,132189136,5,12
2021/09/03,2021/09/03 13:26,6104,12618880,132189013,1,9
2021/09/03,2021/09/03 13:26,6104,12504733,132188928,0,11
2021/09/03,2021/09/03 13:26,6104,8294141,132188914,1,16
2021/09/03,2021/09/03 13:25,6104,12394776,132188795,0,15
2021/09/03,2021/09/03 13:25,6104,11322182,132188762,0,9
2021/09/03,2021/09/03 13:24,6104,4528440,132188721,0,9
2021/09/03,2021/09/03 13:24,6104,5260983,132188698,0,10
2021/09/03,2021/09/03 13:24,6104,6286551,132188689,1,5
2021/09/03,2021/09/03 13:24,6104,6395556,132188672,0,9
2021/09/03,2021/09/03 13:23,6104,6387715,132188540,0,12
2021/09/03,2021/09/03 13:21,6104,1108459,132188313,3,12
2021/09/03,2021/09/03 13:20,6104,10286482,132188229,2,10
2021/09/03,2021/09/03 13:19,6104,2390330,132188053,1,11
2021/09/03,2021/09/03 13:16,6104,5963117,132187747,3,25
2021/09/03,2021/09/03 13:16,6104,1108459,132187679,2,19
2021/09/03,2021/09/03 13:13,6104,10611504,132187324,0,8
2021/09/03,2021/09/03 13:13,6104,4180412,132187298,0,5
2021/09/03,2021/09/03 13:12,6104,5279666,132187150,0,7
2021/09/03,2021/09/03 13:11,6104,5026356,132187024,0,9
2021/09/03,2021/09/03 13:10,6104,4896350,132186774,2,7
2021/09/03,2021/09/03 13:08,6104,483044,132186515,0,12
2021/09/03,2021/09/03 13:07,6104,5741135,132186423,0,8
2021/09/03,2021/09/03 13:07,6104,4896350,132186421,0,8
2021/09/03,2021/09/03 13:06,6104,9591695,132186225,6,13
2021/09/03,2021/09/03 12:55,6104,11322182,132184661,6,12
2021/09/03,2021/09/03 12:50,6104,3786457,132183837,8,8
2021/09/03,2021/09/03 12:49,6104,929581,132183772,4,7
2021/09/03,2021/09/03 12:47,6104,5732576,132183516,9,65
2021/09/03,2021/09/03 12:44,6104,2077520,132183035,15,11
2021/09/03,2021/09/03 12:40,6104,3858763,132182473,3,12
2021/09/03,2021/09/03 12:40,6104,4568197,132182412,0,5
2021/09/03,2021/09/03 12:37,6104,6198632,132182069,1,2
2021/09/03,2021/09/03 12:32,6104,5741135,132181165,9,3
2021/09/03,2021/09/03 12:30,6104,6734115,132180959,2,2
2021/09/03,2021/09/03 12:28,6104,4355511,132180688,0,3
2021/09/03,2021/09/03 12:25,6104,13464775,132180138,0,7
2021/09/03,2021/09/03 12:13,6104,5671741,132178257,6,5
2021/09/03,2021/09/03 12:08,6104,4887093,132177675,0,4
2021/09/03,2021/09/03 12:08,6104,6140238,132177664,0,1
2021/09/03,2021/09/03 12:06,6104,11322182,132177375,4,7
2021/09/03,2021/09/03 11:59,6104,5119356,132176368,6,3
2021/09/03,2021/09/03 11:59,6104,1056496,132176278,1,4
2021/09/03,2021/09/03 11:54,6104,4180412,132175661,5,4
2021/09/03,2021/09/03 11:45,6104,5333158,132174434,1,2
2021/09/03,2021/09/03 11:45,6104,7554659,132174428,5,8
2021/09/03,2021/09/03 11:44,6104,1932103,132174337,1,1
2021/09/03,2021/09/03 11:42,6104,9728256,132174032,1,5
2021/09/03,2021/09/03 11:42,6104,9591695,132173948,9,2
2021/09/03,2021/09/03 11:38,6104,1237118,132173441,0,5
2021/09/03,2021/09/03 11:37,6104,400071,132173282,0,7
2021/09/03,2021/09/03 11:36,6104,5130043,132173145,0,2
2021/09/03,2021/09/03 11:33,6104,3767287,132172762,0,4
2021/09/03,2021/09/03 11:32,6104,1901682,132172576,0,5
2021/09/03,2021/09/03 11:22,6104,6888657,132171466,7,7
2021/09/03,2021/09/03 11:19,6104,11322182,132170961,10,8
2021/09/03,2021/09/03 11:17,6104,9834522,132170784,4,10
2021/09/03,2021/09/03 11:16,6104,7959473,132170640,4,6
2021/09/03,2021/09/03 11:15,6104,12222573,132170495,5,6
2021/09/03,2021/09/03 11:14,6104,1671142,132170419,0,3
2021/09/03,2021/09/03 11:10,6104,1043214,132169795,3,6
2021/09/03,2021/09/03 11:08,6104,4180412,132169623,6,8
2021/09/03,2021/09/03 11:07,6104,2083380,132169462,4,5
2021/09/03,2021/09/03 11:07,6104,483044,132169313,1,4
2021/09/03,2021/09/03 11:02,6104,5026356,132168607,0,7
2021/09/03,2021/09/03 11:02,6104,5130043,132168595,0,6
2021/09/03,2021/09/03 10:51,6104,5562596,132166958,0,5
2021/09/03,2021/09/03 10:50,6104,5225476,132166794,0,9
2021/09/03,2021/09/03 10:25,6104,13368859,132163333,7,4
2021/09/03,2021/09/03 10:23,6104,6355625,132163176,0,6
2021/09/03,2021/09/03 10:21,6104,12394776,132162811,4,4
2021/09/03,2021/09/03 10:18,6104,7959473,132162339,5,5
2021/09/03,2021/09/03 10:07,6104,4887093,132160868,5,7
2021/09/03,2021/09/03 10:04,6104,458996,132160334,13,7
2021/09/03,2021/09/03 10:01,6104,12653579,132159893,0,7
2021/09/03,2021/09/03 10:01,6104,12065734,132159869,0,6
2021/09/03,2021/09/03 10:00,6104,6217523,132159492,1,3
2021/09/03,2021/09/03 10:00,6104,12653579,132159483,0,3
2021/09/03,2021/09/03 09:59,6104,7959473,132159400,0,10
2021/09/03,2021/09/03 09:59,6104,639936,132159379,0,6
2021/09/03,2021/09/03 09:53,6104,7436726,132158705,0,14
2021/09/03,2021/09/03 09:53,6104,2390330,132158607,1,8
2021/09/03,2021/09/03 09:52,6104,9592717,132158501,0,1
2021/09/03,2021/09/03 09:50,6104,7436726,132158347,1,12
2021/09/03,2021/09/03 09:49,6104,12957670,132158200,2,8
2021/09/03,2021/09/03 09:48,6104,4415656,132158110,2,6
2021/09/03,2021/09/03 09:42,6104,11250125,132157231,1,7
2021/09/03,2021/09/03 09:34,6104,5302576,132156262,13,41
2021/09/03,2021/09/03 09:32,6104,6915386,132156127,7,7
2021/09/03,2021/09/03 09:30,6104,949999,132155814,0,5
2021/09/03,2021/09/03 09:25,6104,12957670,132155335,8,14
2021/09/03,2021/09/03 09:23,6104,8930514,132155076,12,46
2021/09/03,2021/09/03 09:22,6104,6915386,132154954,0,6
2021/09/03,2021/09/03 09:21,6104,757337,132154839,1,13
2021/09/03,2021/09/03 09:19,6104,6966999,132154543,2,4
2021/09/03,2021/09/03 09:18,6104,9728256,132154326,0,6
2021/09/03,2021/09/03 09:18,6104,9154107,132154324,1,3
2021/09/03,2021/09/03 09:16,6104,1752891,132154127,10,65
2021/09/03,2021/09/03 09:11,6104,5855546,132153572,2,6
2021/09/03,2021/09/03 09:09,6104,5855546,132153358,3,2
2021/09/03,2021/09/03 09:06,6104,1987040,132153048,2,4
2021/09/03,2021/09/03 08:59,6104,10286482,132151758,1,15
2021/09/03,2021/09/03 08:54,6104,11008993,132151396,1,8
2021/09/03,2021/09/03 08:48,6104,5626099,132150797,0,5
2021/09/03,2021/09/03 08:36,6104,5732576,132149702,9,59
2021/09/03,2021/09/03 07:58,6104,6064732,132147218,27,125
2021/09/03,2021/09/03 06:08,6104,11743524,132143713,2,6
2021/09/03,2021/09/03 01:38,6104,4323694,132140451,0,6
2021/09/02,2021/09/02 22:55,6104,954516,132133989,5,64
2021/09/02,2021/09/02 22:19,6104,6904559,132131660,7,13
2021/09/02,2021/09/02 22:18,6104,7624279,132131613,1,23
2021/09/02,2021/09/02 22:17,6104,1603831,132131531,14,230
2021/09/02,2021/09/02 22:14,6104,10982551,132131245,8,56
2021/09/02,2021/09/02 21:25,6104,6217523,132127092,1,9
2021/09/02,2021/09/02 21:01,6104,6905785,132125099,1,33
2021/09/02,2021/09/02 20:48,6104,6064732,132123581,74,516
2021/09/02,2021/09/02 20:25,6104,7086914,132121171,1,11
2021/09/02,2021/09/02 20:02,6104,12957670,132119293,7,34
2021/09/02,2021/09/02 19:50,6104,4877333,132118261,0,21
2021/09/02,2021/09/02 19:11,6104,5626099,132114346,2,13
2021/09/02,2021/09/02 18:44,6104,5845057,132112552,4,15
2021/09/02,2021/09/02 18:25,6104,6933974,132111307,4,68
2021/09/02,2021/09/02 18:22,6104,5447331,132111071,8,9
2021/09/02,2021/09/02 18:19,6104,6064732,132110783,13,167
2021/09/02,2021/09/02 17:36,6104,7453813,132107509,7,152
2021/09/02,2021/09/02 17:27,6104,9487286,132106922,7,11
2021/09/02,2021/09/02 17:22,6104,6933974,132106545,4,66
2021/09/02,2021/09/02 16:31,6104,1176933,132101460,275,533
2021/09/02,2021/09/02 16:26,6104,4103494,132100602,3,25
2021/09/02,2021/09/02 16:01,6104,9678182,132097485,2,32
2021/09/02,2021/09/02 15:56,6104,6569050,132097057,1,7
2021/09/02,2021/09/02 15:15,6104,5792731,132093511,7,9
2021/09/02,2021/09/02 15:12,6104,13432795,132093016,1,16
2021/09/02,2021/09/02 15:10,6104,5503435,132092724,2,20
2021/09/02,2021/09/02 15:08,6104,5732576,132092584,14,79
2021/09/02,2021/09/02 15:05,6104,1709854,132092294,53,229
2021/09/02,2021/09/02 14:50,6104,6915386,132090865,4,3
2021/09/02,2021/09/02 14:46,6104,10982551,132090558,4,63
2021/09/02,2021/09/02 14:34,6104,6915386,132089553,2,9
2021/09/02,2021/09/02 14:24,6104,6915386,132088661,1,16
2021/09/02,2021/09/02 14:14,6104,1755388,132087898,1,13
2021/09/02,2021/09/02 14:10,6104,4308012,132087468,0,6
2021/09/02,2021/09/02 13:55,6104,2393907,132085295,3,23
2021/09/02,2021/09/02 13:48,6104,4457165,132084401,0,16
2021/09/02,2021/09/02 13:42,6104,4913614,132083724,9,5
2021/09/02,2021/09/02 13:26,6104,6355625,132081833,5,11
2021/09/02,2021/09/02 13:14,6104,4834119,132080302,1,9
2021/09/02,2021/09/02 12:54,6104,1221684,132077857,0,13
2021/09/02,2021/09/02 11:26,6104,6718258,132066914,10,31
2021/09/02,2021/09/02 11:25,6104,6355625,132066727,1,21
2021/09/02,2021/09/02 11:24,6104,5278474,132066693,4,5
2021/09/02,2021/09/02 11:10,6104,6915386,132065038,5,8
2021/09/02,2021/09/02 10:58,6104,5487338,132063124,18,69
2021/09/02,2021/09/02 10:50,6104,1056496,132062051,8,2
2021/09/02,2021/09/02 10:49,6104,11297126,132061964,0,4
2021/09/02,2021/09/02 10:45,6104,4222508,132061486,1,3
2021/09/02,2021/09/02 10:43,6104,5278474,132061183,1,5
2021/09/02,2021/09/02 10:38,6104,1120547,132060293,0,7
2021/09/02,2021/09/02 10:33,6104,1056496,132059613,0,11
2021/09/02,2021/09/02 10:26,6104,4796643,132058563,0,27
2021/09/02,2021/09/02 10:16,6104,4220337,132057269,3,1
2021/09/02,2021/09/02 10:15,6104,476747,132057114,0,0
2021/09/02,2021/09/02 10:06,6104,13368859,132055769,1,2
2021/09/02,2021/09/02 10:02,6104,7370008,132055124,0,1
2021/09/02,2021/09/02 09:56,6104,9351904,132054101,1,8
2021/09/02,2021/09/02 09:54,6104,5333158,132053812,4,5
2021/09/02,2021/09/02 09:44,6104,7397298,132052433,26,330
2021/09/02,2021/09/02 09:37,6104,6355625,132051463,3,9
2021/09/02,2021/09/02 09:35,6104,4550590,132051113,1,12
2021/09/02,2021/09/02 09:23,6104,7185530,132049482,1,22
2021/09/02,2021/09/02 09:23,6104,7425449,132049399,2,11
2021/09/02,2021/09/02 09:22,6104,5884422,132049342,7,33
2021/09/02,2021/09/02 09:22,6104,6355625,132049312,0,3
2021/09/02,2021/09/02 09:20,6104,5131951,132049127,0,6
2021/09/02,2021/09/02 09:20,6104,11008993,132049116,5,10
2021/09/02,2021/09/02 09:13,6104,9834522,132048233,4,15
2021/09/02,2021/09/02 09:12,6104,11008993,132048155,0,5
2021/09/02,2021/09/02 09:10,6104,757337,132047956,2,14
2021/09/02,2021/09/02 09:09,6104,4834119,132047878,0,3
2021/09/02,2021/09/02 08:49,6104,9487286,132045260,7,4
2021/09/02,2021/09/02 08:09,6104,1746029,132042554,1,9
2021/09/02,2021/09/02 07:49,6104,4075907,132041147,9,107
2021/09/02,2021/09/02 07:22,6104,4634584,132039867,0,6
2021/09/02,2021/09/02 07:19,6104,6814504,132039679,7,93
2021/09/02,2021/09/02 07:05,6104,5234511,132038776,98,386
2021/09/02,2021/09/02 00:32,6104,1221684,132031592,0,6
2021/09/02,2021/09/02 00:27,6104,5675789,132031412,5,8
2021/09/01,2021/09/01 23:51,6104,6888657,132029988,4,6
2021/09/01,2021/09/01 22:51,6104,4499221,132026349,2,31
2021/09/01,2021/09/01 22:26,6104,4803171,132024489,9,11
2021/09/01,2021/09/01 22:19,6104,5626099,132023935,0,5
2021/09/01,2021/09/01 22:13,6104,6917231,132023428,5,59
2021/09/01,2021/09/01 21:52,6104,6064732,132021824,27,355
2021/09/01,2021/09/01 21:37,6104,3986674,132020698,7,6
2021/09/01,2021/09/01 21:26,6104,6905785,132019815,4,34
2021/09/01,2021/09/01 21:06,6104,4762819,132018391,6,78
2021/09/01,2021/09/01 21:01,6104,1176933,132017944,68,311
2021/09/01,2021/09/01 20:52,6104,1034375,132016579,1,14
2021/09/01,2021/09/01 20:34,6104,675669,132015184,11,141
2021/09/01,2021/09/01 20:01,6104,7370008,132012716,2,2
2021/09/01,2021/09/01 18:54,6104,5663797,132007873,2,4
2021/09/01,2021/09/01 18:49,6104,7425449,132007499,2,10
2021/09/01,2021/09/01 18:35,6104,4124688,132006657,0,4
2021/09/01,2021/09/01 18:30,6104,5305833,132006199,1,5
2021/09/01,2021/09/01 17:57,6104,3847054,132003457,1,43
2021/09/01,2021/09/01 17:50,6104,606895,132002859,3,8
2021/09/01,2021/09/01 17:45,6104,1603831,132002379,27,244
2021/09/01,2021/09/01 16:26,6104,5732576,131995768,16,87
2021/09/01,2021/09/01 15:44,6104,7192751,131989575,2,28
2021/09/01,2021/09/01 15:36,6104,11297126,131989036,1,16
2021/09/01,2021/09/01 15:19,6104,5503435,131984581,11,26
2021/09/01,2021/09/01 14:32,6104,1709854,131980398,62,180
2021/09/01,2021/09/01 14:07,6104,5245845,131978173,2,12
2021/09/01,2021/09/01 13:54,6104,7290504,131976244,5,7
2021/09/01,2021/09/01 13:49,6104,1221684,131975238,0,6
2021/09/01,2021/09/01 13:21,6104,677385,131971777,1,7
2021/09/01,2021/09/01 13:13,6104,1221684,131970833,3,4
2021/09/01,2021/09/01 13:12,6104,1221684,131970782,1,4
2021/09/01,2021/09/01 12:59,6104,5884422,131968945,3,35
2021/09/01,2021/09/01 12:22,6104,7021647,131963918,0,25
2021/09/01,2021/09/01 12:15,6104,1237118,131962958,0,8
2021/09/01,2021/09/01 11:41,6104,7185530,131957964,38,123
2021/09/01,2021/09/01 11:25,6104,3729073,131956045,2,59
2021/09/01,2021/09/01 11:24,6104,5732576,131955871,7,40
2021/09/01,2021/09/01 11:07,6104,5884422,131953882,0,42
2021/09/01,2021/09/01 11:03,6104,11986123,131953375,3,10
2021/09/01,2021/09/01 10:56,6104,757337,131952391,1,19
2021/09/01,2021/09/01 10:28,6104,12991650,131948818,4,5
2021/09/01,2021/09/01 10:26,6104,4457165,131948594,3,17
2021/09/01,2021/09/01 10:24,6104,3688761,131948179,0,8
2021/09/01,2021/09/01 10:23,6104,6671333,131948123,9,109
2021/09/01,2021/09/01 10:22,6104,12126604,131947979,2,2
2021/09/01,2021/09/01 10:22,6104,4796643,131947946,2,35
2021/09/01,2021/09/01 10:22,6104,5190695,131947865,0,1
2021/09/01,2021/09/01 10:15,6104,8641284,131947012,0,2
2021/09/01,2021/09/01 10:14,6104,5262786,131946970,1,3
2021/09/01,2021/09/01 10:13,6104,10865884,131946765,2,1
2021/09/01,2021/09/01 10:11,6104,421190,131946526,47,1136
2021/09/01,2021/09/01 10:03,6104,11008993,131945270,2,28
2021/09/01,2021/09/01 10:03,6104,9884655,131945267,1,8
2021/09/01,2021/09/01 10:00,6104,377961,131944517,15,19
2021/09/01,2021/09/01 10:00,6104,1636159,131944485,0,7
2021/09/01,2021/09/01 09:57,6104,9834522,131944181,12,18
2021/09/01,2021/09/01 09:57,6104,8953105,131944163,0,28
2021/09/01,2021/09/01 09:57,6104,358324,131944114,0,7
2021/09/01,2021/09/01 09:56,6104,1608254,131944036,0,3
2021/09/01,2021/09/01 09:56,6104,7185530,131943994,4,26
2021/09/01,2021/09/01 09:55,6104,1268407,131943869,0,9
2021/09/01,2021/09/01 09:54,6104,8318814,131943788,0,8
2021/09/01,2021/09/01 09:54,6104,5279666,131943781,0,4
2021/09/01,2021/09/01 09:50,6104,3688761,131943201,8,12
2021/09/01,2021/09/01 09:50,6104,6013574,131943122,0,6
2021/09/01,2021/09/01 09:49,6104,6355625,131943057,3,2
2021/09/01,2021/09/01 09:38,6104,6355625,131941544,0,10
2021/09/01,2021/09/01 09:31,6104,9911299,131940755,9,15
2021/09/01,2021/09/01 09:30,6104,6355625,131940633,0,4
2021/09/01,2021/09/01 09:24,6104,3671943,131939932,0,4
2021/09/01,2021/09/01 09:23,6104,6836625,131939784,1,3
2021/09/01,2021/09/01 09:20,6104,11008993,131939360,3,5
2021/09/01,2021/09/01 08:51,6104,421190,131936021,56,1033
2021/09/01,2021/09/01 08:42,6104,6904559,131935342,11,5
2021/09/01,2021/09/01 08:15,6104,7397298,131933687,10,140
2021/09/01,2021/09/01 07:40,6104,4455978,131931637,2,1
2021/09/01,2021/09/01 07:17,6104,5498375,131930738,3,3
2021/09/01,2021/09/01 00:21,6104,5526454,131923263,8,153
2021/09/01,2021/09/01 00:15,6104,5767738,131923045,4,40
2021/08/31,2021/08/31 22:50,6104,3767287,131918454,0,21
2021/08/31,2021/08/31 22:04,6104,13264670,131915399,2,77
2021/08/31,2021/08/31 21:49,6104,5261063,131914196,1,10
2021/08/31,2021/08/31 21:42,6104,6905785,131913570,5,40
2021/08/31,2021/08/31 21:21,6104,12080700,131911904,2,9
2021/08/31,2021/08/31 21:11,6104,3986674,131911185,4,9
2021/08/31,2021/08/31 20:55,6104,7425449,131909439,4,10
2021/08/31,2021/08/31 20:33,6104,4796643,131907528,1,36
2021/08/31,2021/08/31 20:09,6104,1603831,131905717,19,234
2021/08/31,2021/08/31 20:01,6104,1755388,131905155,6,10
2021/08/31,2021/08/31 19:54,6104,6064732,131904550,16,204
2021/08/31,2021/08/31 18:47,6104,4455978,131899495,4,6
2021/08/31,2021/08/31 17:59,6104,9820607,131896544,13,25
2021/08/31,2021/08/31 17:00,6104,1034375,131891633,10,20
2021/08/31,2021/08/31 16:57,6104,1152288,131891404,8,1
2021/08/31,2021/08/31 16:14,6104,5245845,131884008,6,34
2021/08/31,2021/08/31 15:20,6104,5503435,131879408,4,21
2021/08/31,2021/08/31 15:07,6104,5078307,131878159,3,19
2021/08/31,2021/08/31 13:56,6104,799624,131870792,5,9
2021/08/31,2021/08/31 13:34,6104,4603199,131867322,2,13
2021/08/31,2021/08/31 13:34,6104,8641284,131867297,0,12
2021/08/31,2021/08/31 13:33,6104,7328285,131867183,3,8
2021/08/31,2021/08/31 13:15,6104,9911299,131864732,7,18
2021/08/31,2021/08/31 13:09,6104,5284270,131864065,4,11
2021/08/31,2021/08/31 13:05,6104,5835807,131863638,0,8
2021/08/31,2021/08/31 13:05,6104,5530800,131863607,0,7
2021/08/31,2021/08/31 13:05,6104,5907392,131863589,0,5
2021/08/31,2021/08/31 13:02,6104,4175211,131863249,1,6
2021/08/31,2021/08/31 13:00,6104,4879391,131863096,0,3
2021/08/31,2021/08/31 13:00,6104,5156059,131863058,0,5
2021/08/31,2021/08/31 12:55,6104,5498375,131862265,2,6
2021/08/31,2021/08/31 12:50,6104,9911299,131861714,0,7
2021/08/31,2021/08/31 12:49,6104,5530800,131861624,1,7
2021/08/31,2021/08/31 12:43,6104,5156059,131861055,2,4
2021/08/31,2021/08/31 12:41,6104,11241136,131860786,17,10
2021/08/31,2021/08/31 12:35,6104,653450,131859943,2,3
2021/08/31,2021/08/31 12:34,6104,4820168,131859835,0,20
2021/08/31,2021/08/31 12:31,6104,366169,131859460,1,2
2021/08/31,2021/08/31 12:30,6104,9877682,131859456,5,13
2021/08/31,2021/08/31 12:26,6104,5333771,131858914,1,6
2021/08/31,2021/08/31 12:24,6104,9911299,131858533,0,3
2021/08/31,2021/08/31 12:23,6104,443767,131858460,0,4
2021/08/31,2021/08/31 12:20,6104,653450,131858178,0,2
2021/08/31,2021/08/31 12:19,6104,5528477,131858072,5,5
2021/08/31,2021/08/31 12:14,6104,12173452,131857580,6,5
2021/08/31,2021/08/31 12:11,6104,6319290,131857169,9,5
2021/08/31,2021/08/31 12:06,6104,653450,131856606,0,1
2021/08/31,2021/08/31 11:59,6104,4457165,131855496,15,14
2021/08/31,2021/08/31 11:55,6104,5808051,131855113,2,7
2021/08/31,2021/08/31 11:54,6104,5808051,131855033,4,7
2021/08/31,2021/08/31 11:54,6104,6904559,131855002,5,7
2021/08/31,2021/08/31 11:44,6104,653450,131853817,0,3
2021/08/31,2021/08/31 11:32,6104,12173452,131852578,1,3
2021/08/31,2021/08/31 11:28,6104,12700016,131852229,7,5
2021/08/31,2021/08/31 11:27,6104,1986700,131852128,1,4
2021/08/31,2021/08/31 11:23,6104,1755388,131851664,2,6
2021/08/31,2021/08/31 11:22,6104,5244229,131851632,1,2
2021/08/31,2021/08/31 11:17,6104,9911299,131850936,0,7
2021/08/31,2021/08/31 11:11,6104,5333158,131850253,1,2
2021/08/31,2021/08/31 11:09,6104,12349583,131850031,0,12
2021/08/31,2021/08/31 10:46,6104,4550590,131847362,6,10
2021/08/31,2021/08/31 10:42,6104,6904559,131846917,6,7
2021/08/31,2021/08/31 10:42,6104,12011486,131846832,6,6
2021/08/31,2021/08/31 10:40,6104,2077520,131846637,3,2
2021/08/31,2021/08/31 10:34,6104,2393907,131845979,1,9
2021/08/31,2021/08/31 10:32,6104,11297126,131845707,2,7
2021/08/31,2021/08/31 10:21,6104,6140238,131844534,1,3
2021/08/31,2021/08/31 10:20,6104,1056496,131844416,1,2
2021/08/31,2021/08/31 10:18,6104,7397298,131844140,8,101
2021/08/31,2021/08/31 10:11,6104,8409454,131843341,0,7
2021/08/31,2021/08/31 10:08,6104,5357387,131842988,2,3
2021/08/31,2021/08/31 10:01,6104,6318950,131842230,4,2
2021/08/31,2021/08/31 09:58,6104,12653579,131841557,0,3
2021/08/31,2021/08/31 09:56,6104,9877682,131841324,3,6
2021/08/31,2021/08/31 09:55,6104,5357387,131841124,0,1
2021/08/31,2021/08/31 09:53,6104,6904559,131840843,3,2
2021/08/31,2021/08/31 09:42,6104,1237118,131839453,3,6
2021/08/31,2021/08/31 09:40,6104,12653579,131839162,0,1
2021/08/31,2021/08/31 09:35,6104,5498375,131838658,1,8
2021/08/31,2021/08/31 09:34,6104,6702348,131838519,1,0
2021/08/31,2021/08/31 09:31,6104,4603199,131838155,0,3
2021/08/31,2021/08/31 09:28,6104,1056496,131837774,0,1
2021/08/31,2021/08/31 09:27,6104,6904559,131837569,1,2
2021/08/31,2021/08/31 09:22,6104,757337,131836908,3,12
2021/08/31,2021/08/31 09:18,6104,12742528,131836397,6,4
2021/08/31,2021/08/31 09:04,6104,929581,131834914,0,3
2021/08/31,2021/08/31 08:58,6104,5775347,131833739,1,20
2021/08/31,2021/08/31 08:46,6104,421190,131832711,51,1043
2021/08/31,2021/08/31 07:52,6104,6904559,131829164,3,4
2021/08/31,2021/08/31 01:26,6104,804645,131823225,0,6
2021/08/31,2021/08/31 00:14,6104,9820607,131821222,1,18
2021/08/30,2021/08/30 23:12,6104,7624279,131818399,1,36
2021/08/30,2021/08/30 22:49,6104,6905785,131817282,1,26
2021/08/30,2021/08/30 22:01,6104,6905785,131814290,1,39
2021/08/30,2021/08/30 22:00,6104,3767287,131814228,2,16
2021/08/30,2021/08/30 21:33,6104,4796643,131812435,0,27
2021/08/30,2021/08/30 21:29,6104,13264670,131812197,0,69
2021/08/30,2021/08/30 21:25,6104,4762819,131811876,3,73
2021/08/30,2021/08/30 21:22,6104,4226686,131811649,0,16
2021/08/30,2021/08/30 21:06,6104,6064732,131810622,22,320
2021/08/30,2021/08/30 18:58,6104,6064732,131801873,10,206
2021/08/30,2021/08/30 18:38,6104,4877333,131800823,0,13
2021/08/30,2021/08/30 18:14,6104,7425449,131799548,3,11
2021/08/30,2021/08/30 18:06,6104,5613090,131799140,1,7
2021/08/30,2021/08/30 17:58,6104,8104141,131798606,2,7
2021/08/30,2021/08/30 17:53,6104,6671333,131798351,15,218
2021/08/30,2021/08/30 17:38,6104,1603831,131797264,11,225
2021/08/30,2021/08/30 17:32,6104,819484,131796867,0,15
2021/08/30,2021/08/30 17:08,6104,11008993,131795124,8,23
2021/08/30,2021/08/30 16:48,6104,1034375,131793954,0,13
2021/08/30,2021/08/30 16:37,6104,12011486,131793337,7,11
2021/08/30,2021/08/30 15:17,6104,5503435,131785582,2,28
2021/08/30,2021/08/30 15:04,6104,5345245,131784612,9,40
2021/08/30,2021/08/30 14:37,6104,5319619,131782558,0,5
2021/08/30,2021/08/30 14:02,6104,2267516,131779143,3,6
2021/08/30,2021/08/30 13:13,6104,4603199,131773884,5,9
2021/08/30,2021/08/30 12:13,6104,3729073,131767678,5,71
2021/08/30,2021/08/30 12:09,6104,7021647,131767258,0,16
2021/08/30,2021/08/30 12:02,6104,10403605,131766542,3,4
2021/08/30,2021/08/30 11:29,6104,5426355,131762875,3,6
2021/08/30,2021/08/30 11:26,6104,9884655,131762674,12,39
2021/08/30,2021/08/30 11:17,6104,5285956,131761745,1,9
2021/08/30,2021/08/30 10:42,6104,4820168,131758027,6,8
2021/08/30,2021/08/30 10:31,6104,5131951,131756917,10,3
2021/08/30,2021/08/30 10:29,6104,3729073,131756651,11,102
2021/08/30,2021/08/30 10:26,6104,4550590,131756466,5,11
2021/08/30,2021/08/30 10:16,6104,5107725,131755527,1,4
2021/08/30,2021/08/30 09:25,6104,5245845,131749401,11,10
2021/08/30,2021/08/30 09:19,6104,5164604,131748779,0,5
2021/08/30,2021/08/30 09:18,6104,929581,131748735,0,3
2021/08/30,2021/08/30 09:08,6104,12132832,131747630,4,13
2021/08/30,2021/08/30 09:07,6104,10607397,131747463,2,7
2021/08/30,2021/08/30 09:05,6104,10330246,131747273,0,7
2021/08/30,2021/08/30 09:03,6104,5279666,131747092,6,3
2021/08/30,2021/08/30 09:02,6104,11493638,131747087,1,5
2021/08/30,2021/08/30 09:01,6104,1056496,131746981,3,7
2021/08/30,2021/08/30 09:01,6104,358324,131746967,3,7
2021/08/29,2021/08/29 18:36,6104,3729073,131721046,8,93
2021/08/29,2021/08/29 18:04,6104,10403605,131719914,8,9
2021/08/28,2021/08/28 15:33,6104,4774170,131670407,9,104
2021/08/28,2021/08/28 14:50,6104,4262294,131668344,26,42
2021/08/28,2021/08/28 07:04,6104,1537285,131650016,3,29
2021/08/28,2021/08/28 05:28,6104,4898288,131648254,2,1
2021/08/28,2021/08/28 00:11,6104,0,131643151,13,0
2021/08/28,2021/08/28 00:11,6104,6904559,131643142,1,8
2021/08/27,2021/08/27 23:54,6104,10607397,131642392,1,1
2021/08/27,2021/08/27 23:40,6104,1034375,131641684,0,21
2021/08/27,2021/08/27 22:49,6104,10403605,131638668,1,4
2021/08/27,2021/08/27 21:33,6104,586878,131634561,0,7
2021/08/27,2021/08/27 19:12,6104,766670,131625331,0,7
2021/08/27,2021/08/27 17:38,6104,9884655,131619754,6,8
2021/08/27,2021/08/27 17:08,6104,10607397,131617613,0,7
2021/08/27,2021/08/27 15:07,6104,5503435,131603191,23,30
2021/08/27,2021/08/27 14:31,6104,5638475,131599080,1,5
2021/08/27,2021/08/27 14:20,6104,4262294,131598129,14,7
2021/08/27,2021/08/27 12:45,6104,7565040,131586177,7,7
2021/08/27,2021/08/27 12:42,6104,7565040,131585813,0,0
2021/08/27,2021/08/27 12:39,6104,7565040,131585422,0,1
2021/08/27,2021/08/27 11:40,6104,6904559,131577797,34,1
2021/08/27,2021/08/27 10:41,6104,4550590,131569939,0,13
2021/08/27,2021/08/27 10:06,6104,10330246,131565066,3,5
2021/08/27,2021/08/27 10:03,6104,5723370,131564673,6,10
2021/08/27,2021/08/27 09:50,6104,766670,131562795,5,3
2021/08/27,2021/08/27 09:47,6104,5980409,131562386,5,2
2021/08/27,2021/08/27 09:42,6104,5333771,131561696,0,0
2021/08/27,2021/08/27 09:32,6104,5364620,131560255,3,6
2021/08/27,2021/08/27 09:30,6104,9295947,131560108,1,4
2021/08/27,2021/08/27 09:29,6104,2077520,131559889,6,5
2021/08/27,2021/08/27 08:34,6104,421190,131553258,48,681
2021/08/26,2021/08/26 22:44,6104,5364620,131535613,0,5
2021/08/26,2021/08/26 21:37,6104,9348226,131530717,21,13
2021/08/26,2021/08/26 21:29,6104,6904559,131530146,0,10
2021/08/26,2021/08/26 21:10,6104,1537285,131528941,2,16
2021/08/26,2021/08/26 17:46,6104,10403605,131512873,5,10
2021/08/26,2021/08/26 15:37,6104,786159,131499622,16,15
2021/08/26,2021/08/26 15:35,6104,6888657,131499504,15,0
2021/08/26,2021/08/26 15:10,6104,6904559,131497206,4,8
2021/08/26,2021/08/26 15:08,6104,5503435,131497010,8,19
2021/08/26,2021/08/26 14:26,6104,12011486,131493136,3,5
2021/08/26,2021/08/26 14:18,6104,8770357,131492271,8,2
2021/08/26,2021/08/26 13:55,6104,10607397,131489388,9,0
2021/08/26,2021/08/26 13:53,6104,5135319,131489174,2,2
2021/08/26,2021/08/26 13:41,6104,10607397,131487183,10,1
2021/08/26,2021/08/26 13:32,6104,12394776,131485910,0,17
2021/08/26,2021/08/26 13:30,6104,2290844,131485677,0,3
2021/08/26,2021/08/26 13:28,6104,6319290,131485464,0,5
2021/08/26,2021/08/26 13:19,6104,5204988,131484267,3,6
2021/08/26,2021/08/26 12:30,6104,6904559,131478306,0,10
2021/08/26,2021/08/26 12:07,6104,5364620,131475424,6,8
2021/08/26,2021/08/26 11:28,6104,804645,131470031,1,9
2021/08/26,2021/08/26 11:26,6104,6319290,131469783,2,3
2021/08/26,2021/08/26 11:20,6104,8104141,131468967,0,4
2021/08/26,2021/08/26 11:09,6104,5528477,131467472,0,8
2021/08/26,2021/08/26 09:56,6104,7451753,131456629,12,8
2021/08/26,2021/08/26 09:52,6104,4233100,131456070,7,5
2021/08/26,2021/08/26 09:48,6104,8712495,131455518,1,5
2021/08/26,2021/08/26 09:35,6104,12836478,131453607,3,1
2021/08/26,2021/08/26 09:35,6104,4418801,131453579,17,27
2021/08/26,2021/08/26 02:05,6104,955651,131436489,2,12
2021/08/25,2021/08/25 22:26,6104,1058446,131425666,2,27
2021/08/25,2021/08/25 19:34,6104,9348226,131410319,3,7
2021/08/25,2021/08/25 17:48,6104,2290844,131402365,3,6
2021/08/25,2021/08/25 15:08,6104,5503435,131385101,3,24
2021/08/25,2021/08/25 14:02,6104,6626638,131379035,19,29
2021/08/25,2021/08/25 13:46,6104,2004861,131375739,6,4
2021/08/25,2021/08/25 13:17,6104,5225476,131371618,1,5
2021/08/25,2021/08/25 13:16,6104,6904559,131371516,1,3
2021/08/25,2021/08/25 13:03,6104,4550590,131369774,4,17
2021/08/25,2021/08/25 12:49,6104,4550590,131367822,3,17
2021/08/25,2021/08/25 12:42,6104,4550590,131366827,0,15
2021/08/25,2021/08/25 12:39,6104,3932156,131366344,0,3
2021/08/25,2021/08/25 12:29,6104,11046178,131364838,8,4
2021/08/25,2021/08/25 11:42,6104,10330246,131358831,6,3
2021/08/25,2021/08/25 11:40,6104,4550590,131358518,7,13
2021/08/25,2021/08/25 11:15,6104,4262294,131355338,6,8
2021/08/25,2021/08/25 11:09,6104,4550590,131354697,0,8
2021/08/25,2021/08/25 10:31,6104,6904559,131349703,0,4
2021/08/25,2021/08/25 10:20,6104,1237118,131348361,0,15
2021/08/25,2021/08/25 09:46,6104,4550590,131343662,2,11
2021/08/25,2021/08/25 09:37,6104,4550590,131342444,0,7
2021/08/25,2021/08/25 09:29,6104,4550590,131341579,5,7
2021/08/25,2021/08/25 07:21,6104,8810175,131330727,0,8
2021/08/24,2021/08/24 22:13,6104,4145571,131314875,7,0
2021/08/24,2021/08/24 20:37,6104,10142527,131306320,0,13
2021/08/24,2021/08/24 16:53,6104,4233212,131286381,1,17
2021/08/24,2021/08/24 16:52,6104,804645,131286244,0,9
2021/08/24,2021/08/24 16:38,6104,10065311,131284852,2,11
2021/08/24,2021/08/24 15:07,6104,5503435,131273663,7,21
2021/08/24,2021/08/24 13:52,6104,3729073,131266104,7,73
2021/08/24,2021/08/24 13:18,6104,929581,131261527,6,14
2021/08/24,2021/08/24 13:15,6104,5090051,131261142,0,7
2021/08/24,2021/08/24 13:13,6104,10563704,131260890,1,8
2021/08/24,2021/08/24 13:12,6104,11986123,131260771,0,9
2021/08/24,2021/08/24 13:12,6104,915505,131260767,0,8
2021/08/24,2021/08/24 13:10,6104,1056496,131260576,0,7
2021/08/24,2021/08/24 12:57,6104,11046178,131258909,0,6
2021/08/24,2021/08/24 12:55,6104,2179153,131258705,9,10
2021/08/24,2021/08/24 12:53,6104,5477459,131258442,2,3
2021/08/24,2021/08/24 12:52,6104,1107087,131258307,0,4
2021/08/24,2021/08/24 12:48,6104,929581,131257897,1,5
2021/08/24,2021/08/24 12:47,6104,4562850,131257835,3,8
2021/08/24,2021/08/24 12:46,6104,2179153,131257609,2,8
2021/08/24,2021/08/24 12:37,6104,5665897,131256583,1,9
2021/08/24,2021/08/24 12:35,6104,11046178,131256367,0,5
2021/08/24,2021/08/24 10:54,6104,4562850,131243575,2,8
2021/08/24,2021/08/24 10:45,6104,10982551,131242136,13,80
2021/08/24,2021/08/24 10:45,6104,4562850,131242041,2,7
2021/08/24,2021/08/24 10:40,6104,13136729,131241328,0,4
2021/08/24,2021/08/24 10:32,6104,7451753,131240380,6,20
2021/08/24,2021/08/24 09:55,6104,915505,131234890,0,5
2021/08/24,2021/08/24 09:53,6104,5090051,131234660,3,3
2021/08/24,2021/08/24 09:51,6104,13368859,131234382,8,15
2021/08/24,2021/08/24 09:40,6104,6120769,131232724,0,3
2021/08/24,2021/08/24 09:19,6104,1107087,131229698,4,2
2021/08/24,2021/08/24 07:55,6104,6064732,131221081,8,140
2021/08/24,2021/08/24 07:31,6104,13264670,131219728,2,21
2021/08/24,2021/08/24 00:32,6104,652298,131212614,2,20
2021/08/24,2021/08/24 00:11,6104,2067162,131211795,2,8
2021/08/23,2021/08/23 23:41,6104,10982551,131210409,1,80
2021/08/23,2021/08/23 22:33,6104,6654171,131206214,12,93
2021/08/23,2021/08/23 21:45,6104,11008993,131202690,4,29
2021/08/23,2021/08/23 20:59,6104,6905785,131198684,2,47
2021/08/23,2021/08/23 19:34,6104,432166,131190678,7,12
2021/08/23,2021/08/23 18:39,6104,3847054,131186509,0,40
2021/08/23,2021/08/23 17:48,6104,7449227,131183224,3,10
2021/08/23,2021/08/23 17:40,6104,2067162,131182525,4,7
2021/08/23,2021/08/23 17:20,6104,2179153,131181002,2,13
2021/08/23,2021/08/23 17:12,6104,1537285,131180369,5,29
2021/08/23,2021/08/23 17:07,6104,1986700,131180082,3,5
2021/08/23,2021/08/23 16:43,6104,5011559,131177896,3,18
2021/08/23,2021/08/23 16:15,6104,527959,131174006,0,13
2021/08/23,2021/08/23 15:30,6104,5418972,131168572,3,9
2021/08/23,2021/08/23 15:18,6104,4276944,131167749,0,15
2021/08/23,2021/08/23 15:06,6104,5503435,131166581,3,29
2021/08/23,2021/08/23 13:59,6104,1636159,131159559,17,50
2021/08/23,2021/08/23 13:51,6104,4262294,131158417,6,15
2021/08/23,2021/08/23 13:43,6104,6626638,131157502,27,57
2021/08/23,2021/08/23 13:40,6104,792785,131157184,4,12
2021/08/23,2021/08/23 13:21,6104,4103494,131154896,5,10
2021/08/23,2021/08/23 13:19,6104,4562850,131154681,0,3
2021/08/23,2021/08/23 13:15,6104,344587,131154101,4,12
2021/08/23,2021/08/23 13:12,6104,344587,131153763,1,19
2021/08/23,2021/08/23 13:09,6104,4562850,131153493,2,18
2021/08/23,2021/08/23 13:08,6104,677385,131153391,5,13
2021/08/23,2021/08/23 13:04,6104,10982551,131152800,7,67
2021/08/23,2021/08/23 12:55,6104,915505,131151771,14,14
2021/08/23,2021/08/23 12:41,6104,6904559,131150303,4,3
2021/08/23,2021/08/23 12:40,6104,6904559,131150158,0,3
2021/08/23,2021/08/23 12:20,6104,1107087,131147819,10,7
2021/08/23,2021/08/23 11:50,6104,11289172,131144116,7,8
2021/08/23,2021/08/23 11:19,6104,671922,131140105,5,12
2021/08/23,2021/08/23 10:28,6104,5501878,131133304,9,17
2021/08/23,2021/08/23 10:27,6104,8712495,131133183,0,4
2021/08/23,2021/08/23 10:23,6104,443767,131132741,1,3
2021/08/23,2021/08/23 10:22,6104,5701554,131132640,0,9
2021/08/23,2021/08/23 10:15,6104,4198528,131131741,4,6
2021/08/23,2021/08/23 10:06,6104,5677491,131130517,6,6
2021/08/23,2021/08/23 10:03,6104,949999,131130159,2,4
2021/08/23,2021/08/23 10:02,6104,344587,131129993,3,1
2021/08/23,2021/08/23 10:00,6104,1636159,131129643,1,4
2021/08/23,2021/08/23 10:00,6104,1056496,131129285,1,4
2021/08/23,2021/08/23 09:48,6104,6792802,131127685,0,3
2021/08/23,2021/08/23 09:08,6104,1636159,131122313,5,9
2021/08/23,2021/08/23 09:05,6104,13076484,131121993,4,3
2021/08/23,2021/08/23 08:04,6104,8435588,131115806,1,5
2021/08/23,2021/08/23 07:51,6104,6064732,131114548,3,85
2021/08/23,2021/08/23 07:00,6104,6904559,131112623,0,3
2021/08/23,2021/08/23 06:23,6104,4774170,131111858,4,76
2021/08/23,2021/08/23 00:26,6104,4156200,131106972,4,9
2021/08/22,2021/08/22 22:30,6104,4562850,131101740,0,2
2021/08/22,2021/08/22 21:50,6104,6654171,131099611,10,79
2021/08/22,2021/08/22 19:35,6104,6905785,131092248,2,23
2021/08/22,2021/08/22 08:52,6104,5295350,131066752,7,9
2021/08/22,2021/08/22 08:50,6104,5295350,131066696,1,6
2021/08/22,2021/08/22 08:49,6104,5295350,131066681,8,6
2021/08/21,2021/08/21 23:51,6104,896428,131058810,6,52
2021/08/21,2021/08/21 20:21,6104,7358431,131050502,6,35
2021/08/21,2021/08/21 14:26,6104,3729073,131032891,5,60
2021/08/21,2021/08/21 13:30,6104,6115598,131030829,4,16
2021/08/21,2021/08/21 12:29,6104,6064732,131027723,23,168
2021/08/21,2021/08/21 09:06,6104,12165698,131017318,0,0
2021/08/21,2021/08/21 08:33,6104,1537285,131016169,19,22
2021/08/21,2021/08/21 07:08,6104,6904559,131014161,1,6
2021/08/21,2021/08/21 00:40,6104,3702831,131008852,2,13
2021/08/20,2021/08/20 23:46,6104,1603831,131006823,21,241
2021/08/20,2021/08/20 22:57,6104,4206944,131004313,0,5
2021/08/20,2021/08/20 22:13,6104,3986674,131001439,3,4
2021/08/20,2021/08/20 21:25,6104,7624279,130998357,1,46
2021/08/20,2021/08/20 19:54,6104,6064732,130989943,35,508
2021/08/20,2021/08/20 18:09,6104,5671741,130982176,5,15
2021/08/20,2021/08/20 18:00,6104,1164100,130981568,0,12
2021/08/20,2021/08/20 17:55,6104,6064732,130981237,9,101
2021/08/20,2021/08/20 17:55,6104,7358431,130981220,3,8
2021/08/20,2021/08/20 17:51,6104,586878,130980801,0,1
2021/08/20,2021/08/20 16:40,6104,979871,130975082,6,8
2021/08/20,2021/08/20 16:04,6104,6426665,130969008,2,6
2021/08/20,2021/08/20 15:55,6104,6626638,130968282,15,60
2021/08/20,2021/08/20 15:27,6104,1034375,130965445,3,8
2021/08/20,2021/08/20 15:12,6104,5503435,130963928,2,19
2021/08/20,2021/08/20 15:05,6104,6626638,130963214,39,67
2021/08/20,2021/08/20 13:24,6104,7358431,130952211,12,4
2021/08/20,2021/08/20 13:02,6104,4562850,130949121,0,5
2021/08/20,2021/08/20 12:11,6104,6324782,130942762,0,15
2021/08/20,2021/08/20 12:01,6104,12659149,130941530,6,5
2021/08/20,2021/08/20 11:36,6104,7397298,130938428,12,189
2021/08/20,2021/08/20 11:27,6104,1433838,130937166,4,24
2021/08/20,2021/08/20 11:22,6104,6904559,130936640,0,7
2021/08/20,2021/08/20 11:03,6104,6026012,130934237,4,14
2021/08/20,2021/08/20 11:02,6104,6904559,130934098,1,10
2021/08/20,2021/08/20 10:59,6104,4720686,130933561,10,19
2021/08/20,2021/08/20 10:57,6104,6626638,130933196,2,19
2021/08/20,2021/08/20 10:57,6104,5857606,130933169,11,6
2021/08/20,2021/08/20 10:54,6104,929581,130932795,2,1
2021/08/20,2021/08/20 10:53,6104,4581060,130932675,5,2
2021/08/20,2021/08/20 10:22,6104,6904559,130928801,0,6
2021/08/20,2021/08/20 10:20,6104,742984,130928496,0,5
2021/08/20,2021/08/20 10:18,6104,11008993,130928321,0,11
2021/08/20,2021/08/20 09:39,6104,1107087,130922770,2,2
2021/08/20,2021/08/20 09:25,6104,5677491,130920844,11,6
2021/08/20,2021/08/20 09:15,6104,5677491,130919590,0,1
2021/08/20,2021/08/20 09:04,6104,5364620,130918185,3,1
2021/08/20,2021/08/20 06:36,6104,662117,130907786,31,158
2021/08/20,2021/08/20 01:01,6104,5120655,130902466,14,8
2021/08/19,2021/08/19 19:57,6104,2290844,130874552,2,5
2021/08/19,2021/08/19 19:05,6104,166719,130868511,11,8
2021/08/19,2021/08/19 18:40,6104,4562850,130866360,3,1
2021/08/19,2021/08/19 18:04,6104,6904559,130863346,0,26
2021/08/19,2021/08/19 18:02,6104,6904559,130863205,2,5
2021/08/19,2021/08/19 17:25,6104,1034375,130859672,3,12
2021/08/19,2021/08/19 17:21,6104,5613090,130859176,0,3
2021/08/19,2021/08/19 17:18,6104,6626638,130858831,11,33
2021/08/19,2021/08/19 15:38,6104,5701554,130844297,5,4
2021/08/19,2021/08/19 15:35,6104,1164100,130844013,2,5
2021/08/19,2021/08/19 15:26,6104,5701554,130843196,1,2
2021/08/19,2021/08/19 15:24,6104,7860915,130843101,5,15
2021/08/19,2021/08/19 15:09,6104,5503435,130841350,17,16
2021/08/19,2021/08/19 15:05,6104,3729073,130840914,4,66
2021/08/19,2021/08/19 14:58,6104,4103494,130840141,7,5
2021/08/19,2021/08/19 14:43,6104,5701554,130838466,0,4
2021/08/19,2021/08/19 14:41,6104,4103494,130838174,0,4
2021/08/19,2021/08/19 14:13,6104,2290844,130834923,5,1
2021/08/19,2021/08/19 14:06,6104,1452001,130834308,6,11
2021/08/19,2021/08/19 13:52,6104,5674269,130831763,1,2
2021/08/19,2021/08/19 13:48,6104,4720686,130830906,15,32
2021/08/19,2021/08/19 13:30,6104,4581060,130828130,3,4
2021/08/19,2021/08/19 13:28,6104,7655607,130827963,0,3
2021/08/19,2021/08/19 13:26,6104,1107087,130827745,0,0
2021/08/19,2021/08/19 13:18,6104,5364620,130826585,0,5
2021/08/19,2021/08/19 13:17,6104,1636159,130826499,2,2
2021/08/19,2021/08/19 12:57,6104,5364620,130822896,0,5
2021/08/19,2021/08/19 12:23,6104,5364620,130817756,6,3
2021/08/19,2021/08/19 12:21,6104,4581060,130817431,2,3
2021/08/19,2021/08/19 12:10,6104,662117,130815865,13,67
2021/08/19,2021/08/19 11:52,6104,5963117,130812935,1,2
2021/08/19,2021/08/19 11:28,6104,4562850,130809626,0,7
2021/08/19,2021/08/19 11:21,6104,6580294,130808685,2,14
2021/08/19,2021/08/19 11:03,6104,4174030,130806119,0,3
2021/08/19,2021/08/19 10:59,6104,3943708,130805419,1,3
2021/08/19,2021/08/19 10:41,6104,1636159,130802765,9,3
2021/08/19,2021/08/19 09:55,6104,908138,130795969,11,18
2021/08/19,2021/08/19 09:54,6104,929581,130795892,0,3
2021/08/19,2021/08/19 09:37,6104,677385,130793666,1,4
2021/08/19,2021/08/19 09:30,6104,8104141,130792902,0,4
2021/08/19,2021/08/19 08:52,6104,5613090,130787733,1,3
2021/08/19,2021/08/19 06:10,6104,5701554,130779602,0,6
2021/08/19,2021/08/19 06:08,6104,5701554,130779545,0,4
2021/08/19,2021/08/19 01:13,6104,435789,130774708,8,10
2021/08/18,2021/08/18 22:03,6104,7944591,130762459,4,15
2021/08/18,2021/08/18 20:20,6104,6064732,130752216,10,181
2021/08/18,2021/08/18 20:01,6104,6905785,130750440,1,37
2021/08/18,2021/08/18 19:48,6104,1164100,130749195,0,5
2021/08/18,2021/08/18 18:09,6104,8159202,130741037,10,12
2021/08/18,2021/08/18 17:50,6104,6671333,130739559,17,210
2021/08/18,2021/08/18 15:27,6104,5503435,130721852,1,20
2021/08/18,2021/08/18 15:16,6104,908138,130720822,1,24
2021/08/18,2021/08/18 14:03,6104,8159202,130712141,9,26
2021/08/18,2021/08/18 13:48,6104,6904559,130709063,2,10
2021/08/18,2021/08/18 13:44,6104,6904559,130708407,0,2
2021/08/18,2021/08/18 13:41,6104,4961574,130707959,4,12
2021/08/18,2021/08/18 13:21,6104,10982551,130704577,9,75
2021/08/18,2021/08/18 13:12,6104,3974071,130703064,0,6
2021/08/18,2021/08/18 13:05,6104,662117,130701597,9,75
2021/08/18,2021/08/18 12:46,6104,662117,130698500,5,105
2021/08/18,2021/08/18 12:46,6104,5825614,130698419,0,2
2021/08/18,2021/08/18 12:42,6104,6718258,130697568,0,7
2021/08/18,2021/08/18 12:24,6104,4562850,130694438,2,4
2021/08/18,2021/08/18 12:14,6104,929581,130692945,4,5
2021/08/18,2021/08/18 12:11,6104,4961574,130692517,4,21
2021/08/18,2021/08/18 12:05,6104,5333158,130691564,1,7
2021/08/18,2021/08/18 12:01,6104,1537285,130691001,5,17
2021/08/18,2021/08/18 11:49,6104,5587323,130688774,0,24
2021/08/18,2021/08/18 11:46,6104,6626638,130688335,5,38
2021/08/18,2021/08/18 11:21,6104,6904559,130684361,0,3
2021/08/18,2021/08/18 11:14,6104,5795010,130683272,0,5
2021/08/18,2021/08/18 11:13,6104,662117,130683149,9,81
2021/08/18,2021/08/18 11:00,6104,5795010,130680932,2,3
2021/08/18,2021/08/18 10:48,6104,1452001,130679026,4,15
2021/08/18,2021/08/18 10:46,6104,929581,130678644,2,2
2021/08/18,2021/08/18 10:44,6104,8104141,130678333,0,1
2021/08/18,2021/08/18 10:42,6104,418474,130677999,3,5
2021/08/18,2021/08/18 10:22,6104,418474,130674741,0,0
2021/08/18,2021/08/18 10:09,6104,7565040,130672473,4,1
2021/08/18,2021/08/18 10:07,6104,5284270,130672133,9,7
2021/08/18,2021/08/18 09:34,6104,5284270,130666508,2,5
2021/08/18,2021/08/18 09:17,6104,7565040,130664147,1,3
2021/08/18,2021/08/18 08:35,6104,662117,130658556,19,73
2021/08/17,2021/08/17 21:54,6104,929581,130631770,5,7
2021/08/17,2021/08/17 18:47,6104,6904559,130613534,1,4
2021/08/17,2021/08/17 15:52,6104,662117,130593868,13,89
2021/08/17,2021/08/17 15:51,6104,1764519,130593837,2,6
2021/08/17,2021/08/17 15:30,6104,4448959,130591369,0,5
2021/08/17,2021/08/17 15:08,6104,5503435,130589171,5,27
2021/08/17,2021/08/17 14:44,6104,4103494,130586354,3,17
2021/08/17,2021/08/17 13:35,6104,1764519,130576226,3,7
2021/08/17,2021/08/17 13:06,6104,4562850,130571059,4,8
2021/08/17,2021/08/17 12:48,6104,5613090,130568336,4,9
2021/08/17,2021/08/17 12:44,6104,4918859,130567489,1,3
2021/08/17,2021/08/17 12:35,6104,5284270,130566168,0,4
2021/08/17,2021/08/17 11:24,6104,5284270,130556776,12,8
2021/08/17,2021/08/17 10:27,6104,4964189,130549360,0,8
2021/08/17,2021/08/17 09:57,6104,5613090,130545034,2,7
2021/08/17,2021/08/17 09:40,6104,11387141,130542920,2,3
2021/08/17,2021/08/17 08:36,6104,7453813,130535385,14,210
2021/08/16,2021/08/16 20:39,6104,13264670,130504041,14,19
2021/08/16,2021/08/16 20:33,6104,6905785,130503561,1,33
2021/08/16,2021/08/16 20:11,6104,558812,130501422,2,14
2021/08/16,2021/08/16 19:52,6104,621185,130499564,3,40
2021/08/16,2021/08/16 19:41,6104,1537285,130498431,0,7
2021/08/16,2021/08/16 19:03,6104,4562850,130494598,4,0
2021/08/16,2021/08/16 17:42,6104,4774170,130489008,14,106
2021/08/16,2021/08/16 15:12,6104,5503435,130470013,5,20
2021/08/16,2021/08/16 15:07,6104,1755388,130469453,0,12
2021/08/16,2021/08/16 14:13,6104,5825244,130463208,1,24
2021/08/16,2021/08/16 13:46,6104,5447331,130459086,1,11
2021/08/16,2021/08/16 13:25,6104,11008993,130456199,10,28
2021/08/16,2021/08/16 12:17,6104,929581,130446899,0,5
2021/08/16,2021/08/16 10:34,6104,0,130431630,4,0
2021/08/16,2021/08/16 08:39,6104,5775347,130414582,1,33
2021/08/15,2021/08/15 19:38,6104,3729073,130387443,4,65
2021/08/15,2021/08/15 09:49,6104,7944591,130356987,13,10
2021/08/14,2021/08/14 08:50,6104,1537285,130300871,14,24
2021/08/13,2021/08/13 22:38,6104,5701554,130282689,11,14
2021/08/13,2021/08/13 22:29,6104,4103494,130282075,4,10
2021/08/13,2021/08/13 21:04,6104,954516,130275642,2,33
2021/08/13,2021/08/13 20:34,6104,5963125,130272945,0,12
2021/08/13,2021/08/13 19:41,6104,4203313,130269006,2,35
2021/08/13,2021/08/13 18:17,6104,1034375,130262177,1,17
2021/08/13,2021/08/13 17:35,6104,5613090,130258433,0,12
2021/08/13,2021/08/13 16:46,6104,6904559,130253530,7,10
2021/08/13,2021/08/13 16:44,6104,328910,130253223,2,14
2021/08/13,2021/08/13 15:11,6104,5503435,130240390,6,26
2021/08/13,2021/08/13 15:08,6104,6422307,130239960,1,5
2021/08/13,2021/08/13 14:12,6104,9326973,130233552,8,8
2021/08/13,2021/08/13 13:59,6104,1001711,130231296,5,58
2021/08/13,2021/08/13 13:38,6104,434954,130227485,14,0
2021/08/13,2021/08/13 13:05,6104,4562850,130221299,2,4
2021/08/13,2021/08/13 12:21,6104,5663797,130214033,0,5
2021/08/13,2021/08/13 12:08,6104,1385545,130212186,7,26
2021/08/13,2021/08/13 11:57,6104,5514399,130210213,12,92
2021/08/13,2021/08/13 11:55,6104,5808051,130209878,1,3
2021/08/13,2021/08/13 11:47,6104,5808051,130208591,0,8
2021/08/13,2021/08/13 11:43,6104,1086135,130207796,18,22
2021/08/13,2021/08/13 11:37,6104,6319290,130206680,0,8
2021/08/13,2021/08/13 11:32,6104,5715340,130205895,5,12
2021/08/13,2021/08/13 11:30,6104,5808051,130205608,0,6
2021/08/13,2021/08/13 11:30,6104,1058446,130205594,1,4
2021/08/13,2021/08/13 11:30,6104,2077520,130205582,2,7
2021/08/13,2021/08/13 11:28,6104,4918859,130205236,1,6
2021/08/13,2021/08/13 11:27,6104,5570657,130205062,0,3
2021/08/13,2021/08/13 11:20,6104,5794499,130203897,0,7
2021/08/13,2021/08/13 11:15,6104,4409436,130203180,1,6
2021/08/13,2021/08/13 11:15,6104,5333771,130203179,1,5
2021/08/13,2021/08/13 11:03,6104,4651172,130201010,4,8
2021/08/13,2021/08/13 10:52,6104,10691372,130199024,4,3
2021/08/13,2021/08/13 10:51,6104,5825244,130198766,2,19
2021/08/13,2021/08/13 10:49,6104,5240737,130198542,0,8
2021/08/13,2021/08/13 10:45,6104,6426665,130197992,1,7
2021/08/13,2021/08/13 09:49,6104,4714671,130187762,0,12
2021/08/13,2021/08/13 09:38,6104,5955094,130185702,4,8
2021/08/13,2021/08/13 07:27,6104,5701554,130171422,2,14
2021/08/12,2021/08/12 23:48,6104,1884100,130158074,2,9
2021/08/12,2021/08/12 23:36,6104,5636927,130157326,12,147
2021/08/12,2021/08/12 21:43,6104,4762819,130147152,6,134
2021/08/12,2021/08/12 19:43,6104,6904559,130134883,1,11
2021/08/12,2021/08/12 19:30,6104,6422307,130133607,5,9
2021/08/12,2021/08/12 19:11,6104,6422307,130131832,3,8
2021/08/12,2021/08/12 19:08,6104,0,130131634,78,0
2021/08/12,2021/08/12 18:58,6104,628840,130130705,3,16
2021/08/12,2021/08/12 16:51,6104,545784,130119239,11,7
2021/08/12,2021/08/12 16:32,6104,662117,130117074,8,135
2021/08/12,2021/08/12 16:17,6104,7328285,130114599,3,9
2021/08/12,2021/08/12 15:30,6104,5613090,130107044,2,13
2021/08/12,2021/08/12 15:08,6104,5503435,130104389,4,12
2021/08/12,2021/08/12 14:11,6104,5825244,130097937,5,27
2021/08/12,2021/08/12 13:46,6104,10523343,130093319,2,15
2021/08/12,2021/08/12 13:11,6104,5114242,130087602,1,4
2021/08/12,2021/08/12 12:53,6104,4562850,130084713,3,9
2021/08/12,2021/08/12 12:47,6104,1098223,130083940,3,10
2021/08/12,2021/08/12 12:31,6104,6422307,130081474,8,9
2021/08/12,2021/08/12 12:13,6104,7328285,130079106,3,3
2021/08/12,2021/08/12 11:53,6104,4581724,130075874,3,1
2021/08/12,2021/08/12 11:49,6104,4198528,130075331,2,6
2021/08/12,2021/08/12 11:44,6104,4651172,130074506,6,13
2021/08/12,2021/08/12 11:34,6104,5808051,130072932,1,3
2021/08/12,2021/08/12 11:34,6104,1086135,130072881,10,24
2021/08/12,2021/08/12 11:22,6104,5663797,130071305,1,4
2021/08/12,2021/08/12 10:25,6104,4409436,130062171,0,9
2021/08/12,2021/08/12 10:22,6104,10440177,130061755,2,10
2021/08/12,2021/08/12 10:20,6104,6422307,130061413,1,9
2021/08/12,2021/08/12 10:03,6104,4312279,130058747,0,5
2021/08/12,2021/08/12 09:50,6104,804645,130056406,8,5
2021/08/12,2021/08/12 09:45,6104,4312279,130055583,10,11
2021/08/12,2021/08/12 09:24,6104,3917037,130052019,7,9
2021/08/12,2021/08/12 09:04,6104,5261063,130048927,7,2
2021/08/12,2021/08/12 07:41,6104,4003561,130041044,12,33
2021/08/11,2021/08/11 23:04,6104,5319619,130022214,0,7
2021/08/11,2021/08/11 21:19,6104,5931009,130011245,4,15
2021/08/11,2021/08/11 20:22,6104,5613090,130004338,2,7
2021/08/11,2021/08/11 19:49,6104,4009025,129999719,6,3
2021/08/11,2021/08/11 17:22,6104,671922,129982062,0,11
2021/08/11,2021/08/11 17:18,6104,5613090,129981644,0,10
2021/08/11,2021/08/11 17:16,6104,5613090,129981310,1,13
2021/08/11,2021/08/11 16:05,6104,621185,129968510,16,18
2021/08/11,2021/08/11 16:03,6104,6718258,129968275,2,24
2021/08/11,2021/08/11 15:58,6104,5613090,129967690,1,4
2021/08/11,2021/08/11 15:56,6104,4103494,129967468,2,1
2021/08/11,2021/08/11 15:07,6104,5503435,129961328,1,12
2021/08/11,2021/08/11 15:04,6104,786159,129961004,3,19
2021/08/11,2021/08/11 14:23,6104,5825244,129955206,0,22
2021/08/11,2021/08/11 13:48,6104,10523343,129948701,6,10
2021/08/11,2021/08/11 13:03,6104,662117,129940223,24,119
2021/08/11,2021/08/11 12:54,6104,8159202,129938285,3,10
2021/08/11,2021/08/11 12:49,6104,5613090,129937276,0,4
2021/08/11,2021/08/11 12:21,6104,699303,129931786,10,7
2021/08/11,2021/08/11 12:12,6104,1986700,129930235,0,10
2021/08/11,2021/08/11 11:53,6104,1537285,129926519,14,5
2021/08/11,2021/08/11 11:33,6104,5760612,129922658,1,1
2021/08/11,2021/08/11 11:28,6104,4860854,129921740,2,1
2021/08/11,2021/08/11 11:18,6104,4890312,129919570,3,9
2021/08/11,2021/08/11 11:17,6104,4918859,129919370,0,0
2021/08/11,2021/08/11 11:14,6104,1086135,129918632,15,28
2021/08/11,2021/08/11 10:39,6104,5613090,129912826,1,7
2021/08/11,2021/08/11 10:27,6104,1452001,129910731,8,18
2021/08/11,2021/08/11 10:23,6104,1755388,129909929,1,7
2021/08/11,2021/08/11 10:03,6104,9536890,129906609,1,7
2021/08/11,2021/08/11 09:45,6104,949999,129903220,1,0
2021/08/11,2021/08/11 09:34,6104,929581,129901261,2,7
2021/08/11,2021/08/11 09:05,6104,5808051,129895960,0,11
2021/08/11,2021/08/11 08:57,6104,10582854,129894163,2,1
2021/08/11,2021/08/11 08:54,6104,10582854,129893741,1,2
2021/08/11,2021/08/11 08:43,6104,10582854,129892401,1,4
2021/08/11,2021/08/11 07:28,6104,6904559,129886807,1,2
2021/08/11,2021/08/11 07:17,6104,6904559,129886390,0,6
2021/08/10,2021/08/10 22:48,6104,4103494,129867553,1,6
2021/08/10,2021/08/10 22:44,6104,4103494,129867207,12,11
2021/08/10,2021/08/10 21:37,6104,3956793,129860761,0,2
2021/08/10,2021/08/10 21:16,6104,0,129858737,16,0
2021/08/10,2021/08/10 21:16,6104,819484,129858721,0,10
2021/08/10,2021/08/10 20:55,6104,6904559,129855954,6,6
2021/08/10,2021/08/10 19:36,6104,11440032,129847148,5,10
2021/08/10,2021/08/10 19:11,6104,5319619,129844117,0,4
2021/08/10,2021/08/10 17:59,6104,1986700,129836716,3,13
2021/08/10,2021/08/10 17:34,6104,1537285,129833469,4,14
2021/08/10,2021/08/10 17:23,6104,671922,129832208,2,7
2021/08/10,2021/08/10 16:47,6104,929581,129827022,2,5
2021/08/10,2021/08/10 16:45,6104,6205457,129826440,14,60
2021/08/10,2021/08/10 16:19,6104,5190695,129823024,2,8
2021/08/10,2021/08/10 15:30,6104,9935786,129813534,3,12
2021/08/10,2021/08/10 15:14,6104,5503435,129811570,8,17
2021/08/10,2021/08/10 15:11,6104,11061865,129810826,3,3
2021/08/10,2021/08/10 14:29,6104,8159202,129805100,3,18
2021/08/10,2021/08/10 14:24,6104,1452001,129804514,7,18
2021/08/10,2021/08/10 14:23,6104,4651172,129804455,2,6
2021/08/10,2021/08/10 14:03,6104,5590577,129801566,5,6
2021/08/10,2021/08/10 13:57,6104,5825244,129799902,9,38
2021/08/10,2021/08/10 13:57,6104,1143565,129799802,5,9
2021/08/10,2021/08/10 13:53,6104,10523343,129799094,6,14
2021/08/10,2021/08/10 13:48,6104,10277028,129797888,2,5
2021/08/10,2021/08/10 13:33,6104,5461828,129795277,5,8
2021/08/10,2021/08/10 13:29,6104,10582854,129794662,3,4
2021/08/10,2021/08/10 13:21,6104,5825244,129793416,8,12
2021/08/10,2021/08/10 13:18,6104,4918859,129792931,0,4
2021/08/10,2021/08/10 13:14,6104,7328285,129792401,3,1
2021/08/10,2021/08/10 13:01,6104,5309997,129790541,7,8
2021/08/10,2021/08/10 13:01,6104,5590577,129790475,1,5
2021/08/10,2021/08/10 12:58,6104,5203481,129789884,0,5
2021/08/10,2021/08/10 12:53,6104,819484,129789280,5,19
2021/08/10,2021/08/10 12:43,6104,699303,129787654,16,9
2021/08/10,2021/08/10 12:43,6104,4743033,129787627,0,8
2021/08/10,2021/08/10 12:42,6104,1245119,129787552,0,2
2021/08/10,2021/08/10 12:38,6104,10582854,129786971,9,1
2021/08/10,2021/08/10 12:37,6104,5963125,129786738,0,2
2021/08/10,2021/08/10 12:30,6104,5118930,129785912,12,8
2021/08/10,2021/08/10 12:25,6104,4562850,129785037,0,10
2021/08/10,2021/08/10 12:24,6104,6422307,129784846,2,15
2021/08/10,2021/08/10 12:21,6104,1086135,129784479,13,23
2021/08/10,2021/08/10 12:20,6104,5808051,129784364,1,4
2021/08/10,2021/08/10 12:19,6104,5477459,129784142,3,6
2021/08/10,2021/08/10 12:18,6104,10582854,129784075,0,3
2021/08/10,2021/08/10 12:18,6104,5613090,129784038,1,9
2021/08/10,2021/08/10 12:17,6104,7860915,129783925,0,10
2021/08/10,2021/08/10 12:05,6104,1537285,129782134,1,6
2021/08/10,2021/08/10 12:01,6104,10582854,129781466,3,4
2021/08/10,2021/08/10 11:54,6104,10582854,129780304,0,4
2021/08/10,2021/08/10 11:47,6104,10582854,129779194,0,5
2021/08/10,2021/08/10 11:19,6104,12850687,129774959,7,18
2021/08/10,2021/08/10 11:00,6104,5118930,129771466,2,8
2021/08/10,2021/08/10 10:26,6104,5808051,129765784,0,3
2021/08/10,2021/08/10 10:22,6104,11181836,129765067,3,0
2021/08/10,2021/08/10 10:17,6104,4562850,129764222,2,19
2021/08/10,2021/08/10 09:54,6104,4918859,129759438,0,1
2021/08/10,2021/08/10 09:46,6104,4654976,129757892,3,5
2021/08/10,2021/08/10 09:43,6104,8712495,129757496,0,4
2021/08/10,2021/08/10 09:38,6104,1086135,129756514,17,23
2021/08/10,2021/08/10 09:38,6104,5808051,129756483,0,6
2021/08/10,2021/08/10 09:37,6104,5963125,129756190,0,1
2021/08/10,2021/08/10 09:36,6104,4562850,129756083,0,3
2021/08/10,2021/08/10 09:29,6104,4513051,129754421,0,2
2021/08/10,2021/08/10 09:26,6104,2410069,129753799,0,7
2021/08/10,2021/08/10 09:24,6104,5963125,129753506,0,2
2021/08/10,2021/08/10 08:08,6104,4973585,129743986,1,17
2021/08/10,2021/08/10 01:22,6104,9055532,129733922,0,44
2021/08/09,2021/08/09 21:56,6104,0,129719032,12,0
2021/08/09,2021/08/09 21:07,6104,5477459,129714117,7,10
2021/08/09,2021/08/09 20:51,6104,1537285,129712025,19,17
2021/08/09,2021/08/09 20:46,6104,328910,129711477,1,13
2021/08/09,2021/08/09 19:24,6104,1034375,129701413,0,7
2021/08/09,2021/08/09 18:35,6104,5613090,129695629,1,4
2021/08/09,2021/08/09 17:42,6104,1058446,129689512,2,6
2021/08/09,2021/08/09 15:14,6104,1385545,129667049,10,20
2021/08/09,2021/08/09 13:25,6104,4651172,129648621,1,25
2021/08/09,2021/08/09 13:19,6104,3741655,129647486,5,5
2021/08/09,2021/08/09 12:35,6104,4562850,129641089,4,4
2021/08/09,2021/08/09 12:28,6104,699303,129640010,15,6
2021/08/09,2021/08/09 12:15,6104,6422307,129638000,5,14
2021/08/09,2021/08/09 11:55,6104,5963125,129634409,0,7
2021/08/09,2021/08/09 11:52,6104,1086135,129633888,6,26
2021/08/09,2021/08/09 11:34,6104,5261063,129630881,6,5
2021/08/09,2021/08/09 11:17,6104,5808051,129627857,9,5
2021/08/09,2021/08/09 09:25,6104,1746029,129608912,10,14
2021/08/09,2021/08/09 08:58,6104,5261063,129603912,7,2
2021/08/08,2021/08/08 22:20,6104,1034375,129584064,3,20
2021/08/08,2021/08/08 18:25,6104,3729073,129572076,4,75
2021/08/07,2021/08/07 21:06,6104,1120547,129530602,1,15
2021/08/07,2021/08/07 19:06,6104,4562850,129525550,5,0
2021/08/07,2021/08/07 16:50,6104,5963125,129519769,0,4
2021/08/07,2021/08/07 14:20,6104,5319619,129512909,0,2
2021/08/07,2021/08/07 12:23,6104,4077097,129506408,3,16
2021/08/07,2021/08/07 07:22,6104,1537285,129493857,14,12
2021/08/03,2021/08/03 06:54,6104,8953105,128975040,2,34
2021/08/02,2021/08/02 07:04,6104,8953105,128854199,2,42
2021/07/18,2021/07/18 10:26,6104,8953105,127127067,10,36
2021/07/11,2021/07/11 16:25,6104,4202750,126210691,18,16
2021/06/30,2021/06/30 15:08,6104,5503435,124896991,7,18
2021/06/30,2021/06/30 14:01,6104,4877333,124887856,0,27
2021/06/30,2021/06/30 11:15,6104,4968552,124853921,0,5
2021/06/30,2021/06/30 09:40,6104,7494457,124835798,15,5
2021/06/30,2021/06/30 00:49,6104,1636159,124813911,0,3
2021/06/29,2021/06/29 15:20,6104,6718258,124754523,4,28
2021/06/29,2021/06/29 15:11,6104,5503435,124753177,4,10
2021/06/29,2021/06/29 15:06,6104,11297126,124752219,0,8
2021/06/29,2021/06/29 14:21,6104,1636159,124745034,0,10
2021/06/29,2021/06/29 14:11,6104,4877333,124743686,5,23
2021/06/29,2021/06/29 12:56,6104,7188387,124728906,8,14
2021/06/28,2021/06/28 21:17,6104,7188387,124655839,3,22
2021/06/28,2021/06/28 15:57,6104,5503435,124620532,2,18
2021/06/28,2021/06/28 13:47,6104,3965483,124602906,3,12
2021/06/28,2021/06/28 12:49,6104,662117,124592378,23,170
2021/06/28,2021/06/28 12:00,6104,4877333,124584005,13,38
2021/06/28,2021/06/28 11:01,6104,5195117,124574769,1,9
2021/06/28,2021/06/28 11:00,6104,6076238,124574264,0,9
2021/06/28,2021/06/28 09:38,6104,10235767,124558718,7,2
2021/06/27,2021/06/27 16:40,6104,5192700,124512909,9,0
2021/06/25,2021/06/25 15:07,6104,5503435,124369978,4,22
2021/06/25,2021/06/25 06:58,6104,10235767,124300466,7,1
2021/06/24,2021/06/24 15:10,6104,5503435,124239254,5,21
2021/06/23,2021/06/23 15:59,6104,5503435,124102207,2,24
2021/06/23,2021/06/23 10:07,6104,4476465,124043370,7,17
2021/06/22,2021/06/22 23:22,6104,4279199,124009141,8,13
2021/06/22,2021/06/22 16:19,6104,4968552,123967003,16,0
2021/06/22,2021/06/22 15:13,6104,5503435,123956027,0,11
2021/06/22,2021/06/22 13:25,6104,5285956,123939656,1,16
2021/06/22,2021/06/22 12:14,6104,4617096,123927366,0,19
2021/06/21,2021/06/21 18:57,6104,4476465,123844977,16,23
2021/06/21,2021/06/21 15:46,6104,5503435,123821975,1,9
2021/06/20,2021/06/20 00:05,6104,4197949,123679488,7,5
2021/06/19,2021/06/19 07:46,6104,4469637,123616914,8,5
2021/06/18,2021/06/18 15:10,6104,5503435,123557852,1,23
2021/06/18,2021/06/18 11:45,6104,1608254,123526692,6,6
2021/06/18,2021/06/18 10:03,6104,7554659,123510603,0,3
2021/06/18,2021/06/18 09:54,6104,1636159,123508964,0,7
2021/06/18,2021/06/18 09:42,6104,4385273,123507285,1,4
2021/06/18,2021/06/18 09:37,6104,7624211,123506568,2,5
2021/06/17,2021/06/17 15:08,6104,5503435,123431823,6,17
2021/06/17,2021/06/17 12:16,6104,6718258,123404241,1,6
2021/06/17,2021/06/17 10:17,6104,662117,123386326,24,153
2021/06/16,2021/06/16 15:08,6104,5503435,123304398,0,10
2021/06/16,2021/06/16 09:25,6104,1636159,123250268,3,6
2021/06/15,2021/06/15 15:46,6104,7624211,123182040,7,10
2021/06/15,2021/06/15 15:13,6104,5503435,123178994,1,10
2021/06/15,2021/06/15 10:57,6104,1636159,123144392,9,7
2021/06/14,2021/06/14 01:39,6104,1755388,123064525,2,2
2021/06/11,2021/06/11 17:22,6104,5036402,122933103,1,8
2021/06/11,2021/06/11 15:07,6104,5503435,122918071,1,6
2021/06/11,2021/06/11 09:03,6104,1143565,122860621,2,6
2021/06/10,2021/06/10 17:05,6104,393269,122795773,1,15
2021/06/10,2021/06/10 16:10,6104,5503435,122785712,0,9
2021/06/10,2021/06/10 16:01,6104,4304780,122784615,2,4
2021/06/10,2021/06/10 10:16,6104,1636159,122729228,6,1
2021/06/10,2021/06/10 09:29,6104,4319071,122720545,2,1
2021/06/09,2021/06/09 22:52,6104,11128763,122692648,2,3
