date,datetime,stockid,userid,artid,reply,likes,stock_id,Trading_Volume,Trading_money,open,max,min,close,spread,Trading_turnover
2021-08-27,2021/08/27 15:43,2013,421190,131606913,11,78,,,,,,,,,
2021-08-27,2021/08/27 15:32,2013,8040290,131605686,3,5,,,,,,,,,
2021-08-27,2021/08/27 15:25,2013,13349140,131605202,2,1,,,,,,,,,
2021-08-27,2021/08/27 13:56,2013,4394037,131594870,0,5,,,,,,,,,
2021-08-27,2021/08/27 13:47,2013,6083784,131593554,0,2,,,,,,,,,
2021-08-27,2021/08/27 13:35,2013,1853137,131592369,1,7,,,,,,,,,
2021-08-27,2021/08/27 13:18,2013,12941339,131590291,0,6,,,,,,,,,
2021-08-27,2021/08/27 13:16,2013,12916497,131590102,0,7,,,,,,,,,
2021-08-27,2021/08/27 13:13,2013,9980456,131589699,2,3,,,,,,,,,
2021-08-27,2021/08/27 13:03,2013,8774645,131588583,23,154,,,,,,,,,
2021-08-27,2021/08/27 12:47,2013,12050030,131586464,1,2,,,,,,,,,
2021-08-27,2021/08/27 12:43,2013,873577,131585957,3,7,,,,,,,,,
2021-08-27,2021/08/27 12:37,2013,10023506,131585106,6,12,,,,,,,,,
2021-08-27,2021/08/27 12:29,2013,13054468,131583962,11,5,,,,,,,,,
2021-08-27,2021/08/27 12:27,2013,7733904,131583655,3,7,,,,,,,,,
2021-08-27,2021/08/27 12:26,2013,1729938,131583532,0,8,,,,,,,,,
2021-08-27,2021/08/27 12:24,2013,5630994,131583224,3,5,,,,,,,,,
2021-08-27,2021/08/27 12:23,2013,4309899,131583144,9,50,,,,,,,,,
2021-08-27,2021/08/27 12:21,2013,5217642,131582871,1,23,,,,,,,,,
2021-08-27,2021/08/27 12:20,2013,784409,131582737,0,0,,,,,,,,,
2021-08-27,2021/08/27 12:10,2013,4753491,131581618,3,3,,,,,,,,,
2021-08-27,2021/08/27 12:03,2013,7192751,131580803,11,17,,,,,,,,,
2021-08-27,2021/08/27 11:57,2013,2209905,131579956,5,3,,,,,,,,,
2021-08-27,2021/08/27 11:53,2013,4787930,131579369,41,32,,,,,,,,,
2021-08-27,2021/08/27 11:51,2013,10023506,131579136,1,6,,,,,,,,,
2021-08-27,2021/08/27 11:46,2013,784409,131578433,1,5,,,,,,,,,
2021-08-27,2021/08/27 11:46,2013,12113636,131578427,0,2,,,,,,,,,
2021-08-27,2021/08/27 11:45,2013,12005070,131578357,0,0,,,,,,,,,
2021-08-27,2021/08/27 11:39,2013,2176778,131577757,9,3,,,,,,,,,
2021-08-27,2021/08/27 11:28,2013,784409,131576282,2,5,,,,,,,,,
2021-08-27,2021/08/27 11:26,2013,10830922,131575954,4,2,,,,,,,,,
2021-08-27,2021/08/27 11:15,2013,5630994,131574580,10,4,,,,,,,,,
2021-08-27,2021/08/27 11:04,2013,10830922,131573134,9,2,,,,,,,,,
2021-08-27,2021/08/27 11:04,2013,12916497,131573089,0,7,,,,,,,,,
2021-08-27,2021/08/27 10:53,2013,2176778,131571463,1,3,,,,,,,,,
2021-08-27,2021/08/27 10:50,2013,5741919,131571118,1,7,,,,,,,,,
2021-08-27,2021/08/27 10:44,2013,1853137,131570318,6,5,,,,,,,,,
2021-08-27,2021/08/27 10:38,2013,4016741,131569517,1,14,,,,,,,,,
2021-08-27,2021/08/27 10:28,2013,2176778,131568011,0,1,,,,,,,,,
2021-08-27,2021/08/27 10:27,2013,10337400,131567898,4,6,,,,,,,,,
2021-08-27,2021/08/27 10:12,2013,5630994,131565648,7,2,,,,,,,,,
2021-08-27,2021/08/27 10:03,2013,4226686,131564622,7,6,,,,,,,,,
2021-08-27,2021/08/27 10:01,2013,13061354,131564343,1,12,,,,,,,,,
2021-08-27,2021/08/27 10:00,2013,708348,131563925,3,7,,,,,,,,,
2021-08-27,2021/08/27 09:52,2013,12113636,131562991,6,12,,,,,,,,,
2021-08-27,2021/08/27 09:52,2013,7733904,131562981,5,5,,,,,,,,,
2021-08-27,2021/08/27 09:52,2013,10830922,131562968,3,2,,,,,,,,,
2021-08-27,2021/08/27 09:51,2013,1225677,131562858,0,4,,,,,,,,,
2021-08-27,2021/08/27 09:51,2013,1729938,131562819,3,3,,,,,,,,,
2021-08-27,2021/08/27 09:51,2013,11444656,131562807,0,7,,,,,,,,,
2021-08-27,2021/08/27 09:47,2013,10830922,131562357,0,0,,,,,,,,,
2021-08-27,2021/08/27 09:47,2013,5218020,131562316,0,14,,,,,,,,,
2021-08-27,2021/08/27 09:46,2013,10830922,131562238,0,1,,,,,,,,,
2021-08-27,2021/08/27 09:46,2013,8804491,131562162,0,3,,,,,,,,,
2021-08-27,2021/08/27 09:44,2013,3723387,131561998,1,3,,,,,,,,,
2021-08-27,2021/08/27 09:43,2013,5630994,131561866,1,2,,,,,,,,,
2021-08-27,2021/08/27 09:43,2013,12625557,131561777,6,5,,,,,,,,,
2021-08-27,2021/08/27 09:42,2013,1729938,131561645,1,0,,,,,,,,,
2021-08-27,2021/08/27 09:41,2013,10830922,131561459,0,1,,,,,,,,,
2021-08-27,2021/08/27 09:34,2013,5741919,131560592,3,2,,,,,,,,,
2021-08-27,2021/08/27 09:32,2013,10830922,131560266,3,1,,,,,,,,,
2021-08-27,2021/08/27 09:30,2013,8326299,131560053,4,11,,,,,,,,,
2021-08-27,2021/08/27 09:30,2013,10830922,131560037,1,2,,,,,,,,,
2021-08-27,2021/08/27 09:25,2013,5470644,131559481,0,0,,,,,,,,,
2021-08-27,2021/08/27 09:23,2013,10830922,131559243,2,1,,,,,,,,,
2021-08-27,2021/08/27 09:23,2013,5633214,131559231,1,6,,,,,,,,,
2021-08-27,2021/08/27 09:16,2013,11444656,131558189,1,0,,,,,,,,,
2021-08-27,2021/08/27 09:14,2013,10264053,131557945,6,3,,,,,,,,,
2021-08-27,2021/08/27 09:10,2013,6155701,131557511,2,12,,,,,,,,,
2021-08-27,2021/08/27 09:08,2013,9567721,131557171,1,0,,,,,,,,,
2021-08-27,2021/08/27 09:07,2013,4245580,131557067,0,1,,,,,,,,,
2021-08-27,2021/08/27 09:02,2013,7411516,131556517,0,0,,,,,,,,,
2021-08-27,2021/08/27 08:54,2013,11672671,131555186,1,1,,,,,,,,,
2021-08-27,2021/08/27 08:52,2013,12917943,131554881,2,18,,,,,,,,,
2021-08-27,2021/08/27 08:49,2013,11489320,131554550,0,1,,,,,,,,,
2021-08-27,2021/08/27 08:34,2013,421190,131553258,46,581,,,,,,,,,
2021-08-27,2021/08/27 08:33,2013,3984852,131553181,7,6,,,,,,,,,
2021-08-27,2021/08/27 07:53,2013,5102264,131550268,0,1,,,,,,,,,
2021-08-27,2021/08/27 07:37,2013,12065734,131549540,2,7,,,,,,,,,
2021-08-27,2021/08/27 07:36,2013,4592589,131549475,0,8,,,,,,,,,
2021-08-27,2021/08/27 07:25,2013,3883948,131548956,52,147,,,,,,,,,
2021-08-27,2021/08/27 07:01,2013,8953105,131548145,4,26,,,,,,,,,
2021-08-27,2021/08/27 05:39,2013,8827655,131546147,0,17,,,,,,,,,
2021-08-27,2021/08/27 03:08,2013,6939029,131544999,9,52,,,,,,,,,
2021-08-27,2021/08/27 01:21,2013,2283380,131543400,2,8,,,,,,,,,
2021-08-27,2021/08/27 00:49,2013,8837300,131542362,0,1,,,,,,,,,
2021-08-27,2021/08/27 00:22,2013,1853137,131541399,0,3,,,,,,,,,
2021-08-26,2021/08/26 23:31,2013,12989472,131538844,3,15,2013,7019001.0,510273290.0,72.0,73.2,70.1,73.2,6.6,3206.0
2021-08-26,2021/08/26 23:00,2013,5921717,131536704,1,19,2013,7019001.0,510273290.0,72.0,73.2,70.1,73.2,6.6,3206.0
2021-08-26,2021/08/26 22:48,2013,787165,131535892,0,2,2013,7019001.0,510273290.0,72.0,73.2,70.1,73.2,6.6,3206.0
2021-08-26,2021/08/26 22:48,2013,784409,131535864,3,17,2013,7019001.0,510273290.0,72.0,73.2,70.1,73.2,6.6,3206.0
2021-08-26,2021/08/26 22:02,2013,11387141,131532667,5,1,2013,7019001.0,510273290.0,72.0,73.2,70.1,73.2,6.6,3206.0
2021-08-26,2021/08/26 21:52,2013,4288606,131531955,0,22,2013,7019001.0,510273290.0,72.0,73.2,70.1,73.2,6.6,3206.0
2021-08-26,2021/08/26 21:42,2013,6064732,131531228,28,286,2013,7019001.0,510273290.0,72.0,73.2,70.1,73.2,6.6,3206.0
2021-08-26,2021/08/26 21:37,2013,6760393,131530704,3,40,2013,7019001.0,510273290.0,72.0,73.2,70.1,73.2,6.6,3206.0
2021-08-26,2021/08/26 21:33,2013,7411516,131530438,0,0,2013,7019001.0,510273290.0,72.0,73.2,70.1,73.2,6.6,3206.0
2021-08-26,2021/08/26 21:32,2013,7411516,131530361,0,1,2013,7019001.0,510273290.0,72.0,73.2,70.1,73.2,6.6,3206.0
2021-08-26,2021/08/26 21:16,2013,11459650,131529284,7,12,2013,7019001.0,510273290.0,72.0,73.2,70.1,73.2,6.6,3206.0
2021-08-26,2021/08/26 20:36,2013,13008862,131525786,17,165,2013,7019001.0,510273290.0,72.0,73.2,70.1,73.2,6.6,3206.0
2021-08-26,2021/08/26 20:29,2013,7411516,131525267,2,1,2013,7019001.0,510273290.0,72.0,73.2,70.1,73.2,6.6,3206.0
2021-08-26,2021/08/26 20:05,2013,4285023,131523451,1,1,2013,7019001.0,510273290.0,72.0,73.2,70.1,73.2,6.6,3206.0
2021-08-26,2021/08/26 19:50,2013,1603831,131522187,18,225,2013,7019001.0,510273290.0,72.0,73.2,70.1,73.2,6.6,3206.0
2021-08-26,2021/08/26 19:44,2013,8040290,131521709,1,14,2013,7019001.0,510273290.0,72.0,73.2,70.1,73.2,6.6,3206.0
2021-08-26,2021/08/26 19:32,2013,9980456,131520861,1,3,2013,7019001.0,510273290.0,72.0,73.2,70.1,73.2,6.6,3206.0
2021-08-26,2021/08/26 18:06,2013,4149123,131514493,14,46,2013,7019001.0,510273290.0,72.0,73.2,70.1,73.2,6.6,3206.0
2021-08-26,2021/08/26 18:02,2013,11444656,131514190,1,2,2013,7019001.0,510273290.0,72.0,73.2,70.1,73.2,6.6,3206.0
2021-08-26,2021/08/26 17:46,2013,5907392,131512876,0,2,2013,7019001.0,510273290.0,72.0,73.2,70.1,73.2,6.6,3206.0
2021-08-26,2021/08/26 17:22,2013,5907392,131510993,2,2,2013,7019001.0,510273290.0,72.0,73.2,70.1,73.2,6.6,3206.0
2021-08-26,2021/08/26 17:10,2013,4434825,131509851,3,1,2013,7019001.0,510273290.0,72.0,73.2,70.1,73.2,6.6,3206.0
2021-08-26,2021/08/26 17:07,2013,12916497,131509641,1,6,2013,7019001.0,510273290.0,72.0,73.2,70.1,73.2,6.6,3206.0
2021-08-26,2021/08/26 16:40,2013,5078417,131507639,4,23,2013,7019001.0,510273290.0,72.0,73.2,70.1,73.2,6.6,3206.0
2021-08-26,2021/08/26 16:22,2013,7669271,131506058,5,30,2013,7019001.0,510273290.0,72.0,73.2,70.1,73.2,6.6,3206.0
2021-08-26,2021/08/26 16:05,2013,7192751,131502034,1,24,2013,7019001.0,510273290.0,72.0,73.2,70.1,73.2,6.6,3206.0
2021-08-26,2021/08/26 15:28,2013,5732576,131498824,10,46,2013,7019001.0,510273290.0,72.0,73.2,70.1,73.2,6.6,3206.0
2021-08-26,2021/08/26 14:51,2013,421190,131495426,81,1188,2013,7019001.0,510273290.0,72.0,73.2,70.1,73.2,6.6,3206.0
2021-08-26,2021/08/26 14:05,2013,4394037,131491115,4,15,2013,7019001.0,510273290.0,72.0,73.2,70.1,73.2,6.6,3206.0
2021-08-26,2021/08/26 14:04,2013,9877248,131490995,6,9,2013,7019001.0,510273290.0,72.0,73.2,70.1,73.2,6.6,3206.0
2021-08-26,2021/08/26 14:00,2013,4132198,131490028,2,2,2013,7019001.0,510273290.0,72.0,73.2,70.1,73.2,6.6,3206.0
2021-08-26,2021/08/26 13:55,2013,784409,131489447,0,5,2013,7019001.0,510273290.0,72.0,73.2,70.1,73.2,6.6,3206.0
2021-08-26,2021/08/26 13:42,2013,9750599,131487367,0,23,2013,7019001.0,510273290.0,72.0,73.2,70.1,73.2,6.6,3206.0
2021-08-26,2021/08/26 12:29,2013,7539182,131478082,6,19,2013,7019001.0,510273290.0,72.0,73.2,70.1,73.2,6.6,3206.0
2021-08-26,2021/08/26 12:28,2013,1662917,131477955,0,5,2013,7019001.0,510273290.0,72.0,73.2,70.1,73.2,6.6,3206.0
2021-08-26,2021/08/26 12:22,2013,5921717,131477324,3,10,2013,7019001.0,510273290.0,72.0,73.2,70.1,73.2,6.6,3206.0
2021-08-26,2021/08/26 12:17,2013,8285921,131476667,12,20,2013,7019001.0,510273290.0,72.0,73.2,70.1,73.2,6.6,3206.0
2021-08-26,2021/08/26 12:04,2013,2268868,131475020,3,18,2013,7019001.0,510273290.0,72.0,73.2,70.1,73.2,6.6,3206.0
2021-08-26,2021/08/26 11:39,2013,1998007,131471332,12,242,2013,7019001.0,510273290.0,72.0,73.2,70.1,73.2,6.6,3206.0
2021-08-26,2021/08/26 10:44,2013,3984852,131464211,3,15,2013,7019001.0,510273290.0,72.0,73.2,70.1,73.2,6.6,3206.0
2021-08-26,2021/08/26 10:37,2013,12941339,131463332,7,6,2013,7019001.0,510273290.0,72.0,73.2,70.1,73.2,6.6,3206.0
2021-08-26,2021/08/26 10:33,2013,6559576,131462648,8,7,2013,7019001.0,510273290.0,72.0,73.2,70.1,73.2,6.6,3206.0
2021-08-26,2021/08/26 10:30,2013,4222242,131462096,3,20,2013,7019001.0,510273290.0,72.0,73.2,70.1,73.2,6.6,3206.0
2021-08-26,2021/08/26 10:28,2013,5907392,131461884,0,5,2013,7019001.0,510273290.0,72.0,73.2,70.1,73.2,6.6,3206.0
2021-08-26,2021/08/26 10:10,2013,7481540,131459183,4,11,2013,7019001.0,510273290.0,72.0,73.2,70.1,73.2,6.6,3206.0
2021-08-26,2021/08/26 10:06,2013,831882,131458584,2,6,2013,7019001.0,510273290.0,72.0,73.2,70.1,73.2,6.6,3206.0
2021-08-26,2021/08/26 10:02,2013,8836009,131457933,18,341,2013,7019001.0,510273290.0,72.0,73.2,70.1,73.2,6.6,3206.0
2021-08-26,2021/08/26 10:00,2013,2268868,131457665,3,22,2013,7019001.0,510273290.0,72.0,73.2,70.1,73.2,6.6,3206.0
2021-08-26,2021/08/26 09:58,2013,8837300,131456839,4,9,2013,7019001.0,510273290.0,72.0,73.2,70.1,73.2,6.6,3206.0
2021-08-26,2021/08/26 09:42,2013,4309899,131454637,11,80,2013,7019001.0,510273290.0,72.0,73.2,70.1,73.2,6.6,3206.0
2021-08-26,2021/08/26 09:30,2013,5218020,131452994,4,35,2013,7019001.0,510273290.0,72.0,73.2,70.1,73.2,6.6,3206.0
2021-08-26,2021/08/26 09:18,2013,1729938,131451174,1,5,2013,7019001.0,510273290.0,72.0,73.2,70.1,73.2,6.6,3206.0
2021-08-26,2021/08/26 09:17,2013,675669,131451073,4,58,2013,7019001.0,510273290.0,72.0,73.2,70.1,73.2,6.6,3206.0
2021-08-26,2021/08/26 09:16,2013,5937141,131450967,0,1,2013,7019001.0,510273290.0,72.0,73.2,70.1,73.2,6.6,3206.0
2021-08-26,2021/08/26 09:14,2013,12113636,131450734,2,3,2013,7019001.0,510273290.0,72.0,73.2,70.1,73.2,6.6,3206.0
2021-08-26,2021/08/26 09:13,2013,5741919,131450557,0,4,2013,7019001.0,510273290.0,72.0,73.2,70.1,73.2,6.6,3206.0
2021-08-26,2021/08/26 09:12,2013,5633214,131450328,2,3,2013,7019001.0,510273290.0,72.0,73.2,70.1,73.2,6.6,3206.0
2021-08-26,2021/08/26 09:11,2013,13061354,131450324,0,4,2013,7019001.0,510273290.0,72.0,73.2,70.1,73.2,6.6,3206.0
2021-08-26,2021/08/26 09:07,2013,10326411,131449802,1,6,2013,7019001.0,510273290.0,72.0,73.2,70.1,73.2,6.6,3206.0
2021-08-26,2021/08/26 09:06,2013,4434825,131449732,3,4,2013,7019001.0,510273290.0,72.0,73.2,70.1,73.2,6.6,3206.0
2021-08-26,2021/08/26 09:01,2013,10326411,131449222,0,1,2013,7019001.0,510273290.0,72.0,73.2,70.1,73.2,6.6,3206.0
2021-08-26,2021/08/26 08:46,2013,421190,131447103,61,1102,2013,7019001.0,510273290.0,72.0,73.2,70.1,73.2,6.6,3206.0
2021-08-26,2021/08/26 08:44,2013,1740087,131446894,0,1,2013,7019001.0,510273290.0,72.0,73.2,70.1,73.2,6.6,3206.0
2021-08-26,2021/08/26 08:35,2013,10326411,131446166,0,0,2013,7019001.0,510273290.0,72.0,73.2,70.1,73.2,6.6,3206.0
2021-08-26,2021/08/26 08:32,2013,10326411,131445970,0,1,2013,7019001.0,510273290.0,72.0,73.2,70.1,73.2,6.6,3206.0
2021-08-26,2021/08/26 00:56,2013,4285023,131435042,1,1,2013,7019001.0,510273290.0,72.0,73.2,70.1,73.2,6.6,3206.0
2021-08-25,2021/08/25 23:58,2013,5149688,131432299,0,9,2013,9938047.0,643895396.0,62.4,66.6,62.0,66.6,6.0,5018.0
2021-08-25,2021/08/25 23:40,2013,11935636,131431336,0,4,2013,9938047.0,643895396.0,62.4,66.6,62.0,66.6,6.0,5018.0
2021-08-25,2021/08/25 23:08,2013,13397122,131429291,2,16,2013,9938047.0,643895396.0,62.4,66.6,62.0,66.6,6.0,5018.0
2021-08-25,2021/08/25 22:21,2013,2176778,131425212,1,2,2013,9938047.0,643895396.0,62.4,66.6,62.0,66.6,6.0,5018.0
2021-08-25,2021/08/25 21:37,2013,5921717,131421783,1,19,2013,9938047.0,643895396.0,62.4,66.6,62.0,66.6,6.0,5018.0
2021-08-25,2021/08/25 21:34,2013,8480527,131421600,0,6,2013,9938047.0,643895396.0,62.4,66.6,62.0,66.6,6.0,5018.0
2021-08-25,2021/08/25 21:16,2013,5411755,131420158,4,6,2013,9938047.0,643895396.0,62.4,66.6,62.0,66.6,6.0,5018.0
2021-08-25,2021/08/25 21:14,2013,5111758,131420015,2,3,2013,9938047.0,643895396.0,62.4,66.6,62.0,66.6,6.0,5018.0
2021-08-25,2021/08/25 20:39,2013,6064732,131416684,45,461,2013,9938047.0,643895396.0,62.4,66.6,62.0,66.6,6.0,5018.0
2021-08-25,2021/08/25 19:40,2013,7411516,131410732,6,7,2013,9938047.0,643895396.0,62.4,66.6,62.0,66.6,6.0,5018.0
2021-08-25,2021/08/25 19:32,2013,7411516,131410144,1,0,2013,9938047.0,643895396.0,62.4,66.6,62.0,66.6,6.0,5018.0
2021-08-25,2021/08/25 19:25,2013,13061354,131409468,5,1,2013,9938047.0,643895396.0,62.4,66.6,62.0,66.6,6.0,5018.0
2021-08-25,2021/08/25 18:44,2013,4158689,131406195,5,8,2013,9938047.0,643895396.0,62.4,66.6,62.0,66.6,6.0,5018.0
2021-08-25,2021/08/25 18:35,2013,4373504,131405646,4,37,2013,9938047.0,643895396.0,62.4,66.6,62.0,66.6,6.0,5018.0
2021-08-25,2021/08/25 18:26,2013,4950373,131405039,5,9,2013,9938047.0,643895396.0,62.4,66.6,62.0,66.6,6.0,5018.0
2021-08-25,2021/08/25 17:30,2013,11444656,131400980,14,5,2013,9938047.0,643895396.0,62.4,66.6,62.0,66.6,6.0,5018.0
2021-08-25,2021/08/25 17:28,2013,7411516,131400877,2,0,2013,9938047.0,643895396.0,62.4,66.6,62.0,66.6,6.0,5018.0
2021-08-25,2021/08/25 16:02,2013,7669271,131390486,2,29,2013,9938047.0,643895396.0,62.4,66.6,62.0,66.6,6.0,5018.0
2021-08-25,2021/08/25 14:44,2013,3984852,131382852,22,15,2013,9938047.0,643895396.0,62.4,66.6,62.0,66.6,6.0,5018.0
2021-08-25,2021/08/25 13:49,2013,5360663,131376148,1,2,2013,9938047.0,643895396.0,62.4,66.6,62.0,66.6,6.0,5018.0
2021-08-25,2021/08/25 13:22,2013,5907392,131372450,2,1,2013,9938047.0,643895396.0,62.4,66.6,62.0,66.6,6.0,5018.0
2021-08-25,2021/08/25 13:12,2013,4793696,131370880,2,7,2013,9938047.0,643895396.0,62.4,66.6,62.0,66.6,6.0,5018.0
2021-08-25,2021/08/25 12:54,2013,708348,131368449,6,8,2013,9938047.0,643895396.0,62.4,66.6,62.0,66.6,6.0,5018.0
2021-08-25,2021/08/25 12:12,2013,12113636,131362844,1,16,2013,9938047.0,643895396.0,62.4,66.6,62.0,66.6,6.0,5018.0
2021-08-25,2021/08/25 11:09,2013,7411516,131354633,4,4,2013,9938047.0,643895396.0,62.4,66.6,62.0,66.6,6.0,5018.0
2021-08-25,2021/08/25 10:40,2013,6764633,131350874,10,20,2013,9938047.0,643895396.0,62.4,66.6,62.0,66.6,6.0,5018.0
2021-08-25,2021/08/25 10:27,2013,5907392,131349248,2,2,2013,9938047.0,643895396.0,62.4,66.6,62.0,66.6,6.0,5018.0
2021-08-25,2021/08/25 10:20,2013,4309899,131348318,26,67,2013,9938047.0,643895396.0,62.4,66.6,62.0,66.6,6.0,5018.0
2021-08-25,2021/08/25 10:15,2013,7013543,131347705,5,5,2013,9938047.0,643895396.0,62.4,66.6,62.0,66.6,6.0,5018.0
2021-08-25,2021/08/25 10:15,2013,1210986,131347599,6,12,2013,9938047.0,643895396.0,62.4,66.6,62.0,66.6,6.0,5018.0
2021-08-25,2021/08/25 10:08,2013,2117113,131346718,4,44,2013,9938047.0,643895396.0,62.4,66.6,62.0,66.6,6.0,5018.0
2021-08-25,2021/08/25 09:58,2013,4204645,131344979,2,11,2013,9938047.0,643895396.0,62.4,66.6,62.0,66.6,6.0,5018.0
2021-08-25,2021/08/25 09:57,2013,9068214,131344972,32,117,2013,9938047.0,643895396.0,62.4,66.6,62.0,66.6,6.0,5018.0
2021-08-25,2021/08/25 09:50,2013,1703020,131344091,1,3,2013,9938047.0,643895396.0,62.4,66.6,62.0,66.6,6.0,5018.0
2021-08-25,2021/08/25 09:45,2013,5677501,131343502,2,10,2013,9938047.0,643895396.0,62.4,66.6,62.0,66.6,6.0,5018.0
2021-08-25,2021/08/25 09:41,2013,9799823,131343010,1,10,2013,9938047.0,643895396.0,62.4,66.6,62.0,66.6,6.0,5018.0
2021-08-25,2021/08/25 09:37,2013,5907392,131342450,1,6,2013,9938047.0,643895396.0,62.4,66.6,62.0,66.6,6.0,5018.0
2021-08-25,2021/08/25 09:36,2013,5907392,131342390,1,7,2013,9938047.0,643895396.0,62.4,66.6,62.0,66.6,6.0,5018.0
2021-08-25,2021/08/25 09:35,2013,5884422,131342282,2,20,2013,9938047.0,643895396.0,62.4,66.6,62.0,66.6,6.0,5018.0
2021-08-25,2021/08/25 09:34,2013,4285023,131342087,2,4,2013,9938047.0,643895396.0,62.4,66.6,62.0,66.6,6.0,5018.0
2021-08-25,2021/08/25 09:32,2013,5741919,131341971,1,6,2013,9938047.0,643895396.0,62.4,66.6,62.0,66.6,6.0,5018.0
2021-08-25,2021/08/25 09:28,2013,7196073,131341376,1,6,2013,9938047.0,643895396.0,62.4,66.6,62.0,66.6,6.0,5018.0
2021-08-25,2021/08/25 09:27,2013,12941339,131341217,1,3,2013,9938047.0,643895396.0,62.4,66.6,62.0,66.6,6.0,5018.0
2021-08-25,2021/08/25 09:27,2013,9976807,131341181,3,15,2013,9938047.0,643895396.0,62.4,66.6,62.0,66.6,6.0,5018.0
2021-08-25,2021/08/25 09:24,2013,13061354,131340831,1,2,2013,9938047.0,643895396.0,62.4,66.6,62.0,66.6,6.0,5018.0
2021-08-25,2021/08/25 09:22,2013,400940,131340661,4,16,2013,9938047.0,643895396.0,62.4,66.6,62.0,66.6,6.0,5018.0
2021-08-25,2021/08/25 09:22,2013,10326411,131340647,1,4,2013,9938047.0,643895396.0,62.4,66.6,62.0,66.6,6.0,5018.0
2021-08-25,2021/08/25 09:18,2013,5907392,131340233,1,4,2013,9938047.0,643895396.0,62.4,66.6,62.0,66.6,6.0,5018.0
2021-08-25,2021/08/25 08:37,2013,5370095,131335493,0,4,2013,9938047.0,643895396.0,62.4,66.6,62.0,66.6,6.0,5018.0
2021-08-25,2021/08/25 08:31,2013,5102264,131335042,6,0,2013,9938047.0,643895396.0,62.4,66.6,62.0,66.6,6.0,5018.0
2021-08-25,2021/08/25 08:11,2013,5078417,131333838,3,44,2013,9938047.0,643895396.0,62.4,66.6,62.0,66.6,6.0,5018.0
2021-08-25,2021/08/25 01:45,2013,4301365,131324985,1,24,2013,9938047.0,643895396.0,62.4,66.6,62.0,66.6,6.0,5018.0
2021-08-25,2021/08/25 01:30,2013,1729938,131324724,3,2,2013,9938047.0,643895396.0,62.4,66.6,62.0,66.6,6.0,5018.0
2021-08-25,2021/08/25 00:20,2013,4166796,131322717,3,88,2013,9938047.0,643895396.0,62.4,66.6,62.0,66.6,6.0,5018.0
2021-08-25,2021/08/25 00:04,2013,4376173,131321916,2,0,2013,9938047.0,643895396.0,62.4,66.6,62.0,66.6,6.0,5018.0
2021-08-24,2021/08/24 21:40,2013,5436608,131312068,3,6,2013,18909148.0,1106547715.0,54.9,60.6,54.7,60.6,5.5,10910.0
2021-08-24,2021/08/24 20:35,2013,6064732,131306131,33,268,2013,18909148.0,1106547715.0,54.9,60.6,54.7,60.6,5.5,10910.0
2021-08-24,2021/08/24 19:08,2013,7192751,131298578,0,14,2013,18909148.0,1106547715.0,54.9,60.6,54.7,60.6,5.5,10910.0
2021-08-24,2021/08/24 16:38,2013,4784669,131284858,0,4,2013,18909148.0,1106547715.0,54.9,60.6,54.7,60.6,5.5,10910.0
2021-08-24,2021/08/24 15:32,2013,432166,131276052,3,13,2013,18909148.0,1106547715.0,54.9,60.6,54.7,60.6,5.5,10910.0
2021-08-24,2021/08/24 15:07,2013,4481824,131273662,14,22,2013,18909148.0,1106547715.0,54.9,60.6,54.7,60.6,5.5,10910.0
2021-08-24,2021/08/24 14:57,2013,7669271,131272850,9,32,2013,18909148.0,1106547715.0,54.9,60.6,54.7,60.6,5.5,10910.0
2021-08-24,2021/08/24 14:53,2013,5921717,131272413,1,11,2013,18909148.0,1106547715.0,54.9,60.6,54.7,60.6,5.5,10910.0
2021-08-24,2021/08/24 14:07,2013,10326411,131268302,3,8,2013,18909148.0,1106547715.0,54.9,60.6,54.7,60.6,5.5,10910.0
2021-08-24,2021/08/24 13:08,2013,2105094,131260358,9,4,2013,18909148.0,1106547715.0,54.9,60.6,54.7,60.6,5.5,10910.0
2021-08-24,2021/08/24 13:07,2013,5144902,131260211,14,7,2013,18909148.0,1106547715.0,54.9,60.6,54.7,60.6,5.5,10910.0
2021-08-24,2021/08/24 13:04,2013,4309899,131259920,19,66,2013,18909148.0,1106547715.0,54.9,60.6,54.7,60.6,5.5,10910.0
2021-08-24,2021/08/24 12:42,2013,5218020,131257173,13,42,2013,18909148.0,1106547715.0,54.9,60.6,54.7,60.6,5.5,10910.0
2021-08-24,2021/08/24 12:40,2013,708348,131256919,0,10,2013,18909148.0,1106547715.0,54.9,60.6,54.7,60.6,5.5,10910.0
2021-08-24,2021/08/24 12:37,2013,7257934,131256600,6,11,2013,18909148.0,1106547715.0,54.9,60.6,54.7,60.6,5.5,10910.0
2021-08-24,2021/08/24 12:37,2013,5633214,131256573,2,4,2013,18909148.0,1106547715.0,54.9,60.6,54.7,60.6,5.5,10910.0
2021-08-24,2021/08/24 12:37,2013,5907392,131256509,0,3,2013,18909148.0,1106547715.0,54.9,60.6,54.7,60.6,5.5,10910.0
2021-08-24,2021/08/24 12:36,2013,5884422,131256490,4,34,2013,18909148.0,1106547715.0,54.9,60.6,54.7,60.6,5.5,10910.0
2021-08-24,2021/08/24 11:39,2013,1176933,131249149,14,193,2013,18909148.0,1106547715.0,54.9,60.6,54.7,60.6,5.5,10910.0
2021-08-24,2021/08/24 11:32,2013,3723387,131248312,1,5,2013,18909148.0,1106547715.0,54.9,60.6,54.7,60.6,5.5,10910.0
2021-08-24,2021/08/24 11:30,2013,10326411,131248110,0,3,2013,18909148.0,1106547715.0,54.9,60.6,54.7,60.6,5.5,10910.0
2021-08-24,2021/08/24 11:29,2013,10607397,131248029,3,4,2013,18909148.0,1106547715.0,54.9,60.6,54.7,60.6,5.5,10910.0
2021-08-24,2021/08/24 11:27,2013,8665657,131247752,7,15,2013,18909148.0,1106547715.0,54.9,60.6,54.7,60.6,5.5,10910.0
2021-08-24,2021/08/24 11:10,2013,7481540,131245689,2,18,2013,18909148.0,1106547715.0,54.9,60.6,54.7,60.6,5.5,10910.0
2021-08-24,2021/08/24 11:08,2013,12702280,131245405,4,1,2013,18909148.0,1106547715.0,54.9,60.6,54.7,60.6,5.5,10910.0
2021-08-24,2021/08/24 11:03,2013,10326411,131244936,4,2,2013,18909148.0,1106547715.0,54.9,60.6,54.7,60.6,5.5,10910.0
2021-08-24,2021/08/24 10:57,2013,3993197,131243849,0,3,2013,18909148.0,1106547715.0,54.9,60.6,54.7,60.6,5.5,10910.0
2021-08-24,2021/08/24 10:21,2013,9509777,131238919,5,23,2013,18909148.0,1106547715.0,54.9,60.6,54.7,60.6,5.5,10910.0
2021-08-24,2021/08/24 10:20,2013,708348,131238725,5,9,2013,18909148.0,1106547715.0,54.9,60.6,54.7,60.6,5.5,10910.0
2021-08-24,2021/08/24 10:12,2013,5741919,131237619,2,1,2013,18909148.0,1106547715.0,54.9,60.6,54.7,60.6,5.5,10910.0
2021-08-24,2021/08/24 10:10,2013,2105094,131237331,0,1,2013,18909148.0,1106547715.0,54.9,60.6,54.7,60.6,5.5,10910.0
2021-08-24,2021/08/24 09:48,2013,831882,131233869,0,2,2013,18909148.0,1106547715.0,54.9,60.6,54.7,60.6,5.5,10910.0
2021-08-24,2021/08/24 09:40,2013,6803511,131232715,1,15,2013,18909148.0,1106547715.0,54.9,60.6,54.7,60.6,5.5,10910.0
2021-08-24,2021/08/24 09:38,2013,4575286,131232515,2,6,2013,18909148.0,1106547715.0,54.9,60.6,54.7,60.6,5.5,10910.0
2021-08-24,2021/08/24 09:17,2013,4575286,131229415,0,21,2013,18909148.0,1106547715.0,54.9,60.6,54.7,60.6,5.5,10910.0
2021-08-24,2021/08/24 09:17,2013,10326411,131229392,0,1,2013,18909148.0,1106547715.0,54.9,60.6,54.7,60.6,5.5,10910.0
2021-08-24,2021/08/24 07:09,2013,6337225,131218856,1,3,2013,18909148.0,1106547715.0,54.9,60.6,54.7,60.6,5.5,10910.0
2021-08-23,2021/08/23 22:22,2013,10607397,131205415,3,5,2013,14653048.0,810105491.0,52.6,57.2,52.5,55.1,1.4,8353.0
2021-08-23,2021/08/23 22:01,2013,11073722,131203834,3,4,2013,14653048.0,810105491.0,52.6,57.2,52.5,55.1,1.4,8353.0
2021-08-23,2021/08/23 17:23,2013,7669271,131181211,2,5,2013,14653048.0,810105491.0,52.6,57.2,52.5,55.1,1.4,8353.0
2021-08-23,2021/08/23 16:44,2013,1033901,131178063,2,6,2013,14653048.0,810105491.0,52.6,57.2,52.5,55.1,1.4,8353.0
2021-08-23,2021/08/23 13:03,2013,10326411,131152671,0,3,2013,14653048.0,810105491.0,52.6,57.2,52.5,55.1,1.4,8353.0
2021-08-23,2021/08/23 13:00,2013,708348,131152214,0,11,2013,14653048.0,810105491.0,52.6,57.2,52.5,55.1,1.4,8353.0
2021-08-23,2021/08/23 12:46,2013,1853137,131150770,6,5,2013,14653048.0,810105491.0,52.6,57.2,52.5,55.1,1.4,8353.0
2021-08-23,2021/08/23 12:30,2013,10326411,131148874,1,4,2013,14653048.0,810105491.0,52.6,57.2,52.5,55.1,1.4,8353.0
2021-08-23,2021/08/23 12:02,2013,6511176,131145691,0,2,2013,14653048.0,810105491.0,52.6,57.2,52.5,55.1,1.4,8353.0
2021-08-23,2021/08/23 11:57,2013,10326411,131144911,0,3,2013,14653048.0,810105491.0,52.6,57.2,52.5,55.1,1.4,8353.0
2021-08-23,2021/08/23 11:56,2013,5852511,131144823,13,36,2013,14653048.0,810105491.0,52.6,57.2,52.5,55.1,1.4,8353.0
2021-08-23,2021/08/23 11:25,2013,12702280,131140885,6,2,2013,14653048.0,810105491.0,52.6,57.2,52.5,55.1,1.4,8353.0
2021-08-23,2021/08/23 11:23,2013,5741919,131140673,0,4,2013,14653048.0,810105491.0,52.6,57.2,52.5,55.1,1.4,8353.0
2021-08-23,2021/08/23 11:23,2013,10326411,131140608,0,2,2013,14653048.0,810105491.0,52.6,57.2,52.5,55.1,1.4,8353.0
2021-08-23,2021/08/23 11:18,2013,8887976,131139984,10,7,2013,14653048.0,810105491.0,52.6,57.2,52.5,55.1,1.4,8353.0
2021-08-23,2021/08/23 10:54,2013,10326411,131136624,1,5,2013,14653048.0,810105491.0,52.6,57.2,52.5,55.1,1.4,8353.0
2021-08-23,2021/08/23 10:53,2013,10326411,131136390,0,7,2013,14653048.0,810105491.0,52.6,57.2,52.5,55.1,1.4,8353.0
2021-08-23,2021/08/23 10:52,2013,10326411,131136329,0,0,2013,14653048.0,810105491.0,52.6,57.2,52.5,55.1,1.4,8353.0
2021-08-23,2021/08/23 10:51,2013,10326411,131136229,0,1,2013,14653048.0,810105491.0,52.6,57.2,52.5,55.1,1.4,8353.0
2021-08-23,2021/08/23 10:49,2013,10326411,131136019,0,1,2013,14653048.0,810105491.0,52.6,57.2,52.5,55.1,1.4,8353.0
2021-08-23,2021/08/23 09:57,2013,5741919,131128978,1,3,2013,14653048.0,810105491.0,52.6,57.2,52.5,55.1,1.4,8353.0
2021-08-23,2021/08/23 09:54,2013,5907392,131128513,0,2,2013,14653048.0,810105491.0,52.6,57.2,52.5,55.1,1.4,8353.0
2021-08-22,2021/08/22 12:18,2013,6777443,131073683,1,24,,,,,,,,,
2021-08-22,2021/08/22 10:30,2013,4240648,131069842,5,30,,,,,,,,,
2021-08-22,2021/08/22 00:39,2013,1603831,131060293,20,247,,,,,,,,,
2021-08-21,2021/08/21 18:24,2013,5852511,131043953,22,84,,,,,,,,,
2021-08-21,2021/08/21 10:03,2013,4763091,131019822,38,264,,,,,,,,,
2021-08-21,2021/08/21 08:46,2013,4285023,131016592,4,4,,,,,,,,,
2021-08-21,2021/08/21 00:15,2013,5144902,131008042,9,8,,,,,,,,,
2021-08-20,2021/08/20 18:35,2013,1966420,130983621,5,9,2013,14021174.0,736867658.0,51.3,54.2,50.5,53.7,1.2,8188.0
2021-08-20,2021/08/20 17:25,2013,9953344,130978932,6,12,2013,14021174.0,736867658.0,51.3,54.2,50.5,53.7,1.2,8188.0
2021-08-20,2021/08/20 16:32,2013,5476893,130974355,1,11,2013,14021174.0,736867658.0,51.3,54.2,50.5,53.7,1.2,8188.0
2021-08-20,2021/08/20 14:00,2013,522795,130957010,1,5,2013,14021174.0,736867658.0,51.3,54.2,50.5,53.7,1.2,8188.0
2021-08-20,2021/08/20 13:38,2013,4058275,130954037,2,4,2013,14021174.0,736867658.0,51.3,54.2,50.5,53.7,1.2,8188.0
2021-08-20,2021/08/20 13:38,2013,1604960,130954010,0,6,2013,14021174.0,736867658.0,51.3,54.2,50.5,53.7,1.2,8188.0
2021-08-20,2021/08/20 13:37,2013,1001711,130953917,3,84,2013,14021174.0,736867658.0,51.3,54.2,50.5,53.7,1.2,8188.0
2021-08-20,2021/08/20 13:32,2013,9697080,130953168,0,9,2013,14021174.0,736867658.0,51.3,54.2,50.5,53.7,1.2,8188.0
2021-08-20,2021/08/20 13:27,2013,4434825,130952612,4,1,2013,14021174.0,736867658.0,51.3,54.2,50.5,53.7,1.2,8188.0
2021-08-20,2021/08/20 13:24,2013,4489333,130952158,2,8,2013,14021174.0,736867658.0,51.3,54.2,50.5,53.7,1.2,8188.0
2021-08-20,2021/08/20 13:17,2013,1966420,130951142,4,3,2013,14021174.0,736867658.0,51.3,54.2,50.5,53.7,1.2,8188.0
2021-08-20,2021/08/20 13:16,2013,7411516,130951029,0,1,2013,14021174.0,736867658.0,51.3,54.2,50.5,53.7,1.2,8188.0
2021-08-20,2021/08/20 13:02,2013,9697080,130949125,2,6,2013,14021174.0,736867658.0,51.3,54.2,50.5,53.7,1.2,8188.0
2021-08-20,2021/08/20 12:57,2013,863367,130948490,7,0,2013,14021174.0,736867658.0,51.3,54.2,50.5,53.7,1.2,8188.0
2021-08-20,2021/08/20 12:47,2013,4489333,130947256,0,0,2013,14021174.0,736867658.0,51.3,54.2,50.5,53.7,1.2,8188.0
2021-08-20,2021/08/20 11:34,2013,12702280,130938153,2,6,2013,14021174.0,736867658.0,51.3,54.2,50.5,53.7,1.2,8188.0
2021-08-20,2021/08/20 10:33,2013,4489333,130930175,2,4,2013,14021174.0,736867658.0,51.3,54.2,50.5,53.7,1.2,8188.0
2021-08-20,2021/08/20 08:36,2013,9068214,130914674,22,76,2013,14021174.0,736867658.0,51.3,54.2,50.5,53.7,1.2,8188.0
2021-08-20,2021/08/20 06:42,2013,370103,130907964,0,10,2013,14021174.0,736867658.0,51.3,54.2,50.5,53.7,1.2,8188.0
2021-08-20,2021/08/20 06:31,2013,5921717,130907655,0,28,2013,14021174.0,736867658.0,51.3,54.2,50.5,53.7,1.2,8188.0
2021-08-20,2021/08/20 06:24,2013,7397240,130907427,0,0,2013,14021174.0,736867658.0,51.3,54.2,50.5,53.7,1.2,8188.0
2021-08-20,2021/08/20 00:27,2013,2142600,130900966,1,31,2013,14021174.0,736867658.0,51.3,54.2,50.5,53.7,1.2,8188.0
2021-08-19,2021/08/19 22:26,2013,9980456,130889983,0,3,2013,20008637.0,1060197553.0,51.6,54.7,50.1,52.5,0.6,12005.0
2021-08-19,2021/08/19 21:33,2013,4763091,130884963,38,260,2013,20008637.0,1060197553.0,51.6,54.7,50.1,52.5,0.6,12005.0
2021-08-19,2021/08/19 21:02,2013,11935636,130881788,2,7,2013,20008637.0,1060197553.0,51.6,54.7,50.1,52.5,0.6,12005.0
2021-08-19,2021/08/19 20:55,2013,9068214,130880634,27,105,2013,20008637.0,1060197553.0,51.6,54.7,50.1,52.5,0.6,12005.0
2021-08-19,2021/08/19 20:40,2013,7411516,130879084,2,0,2013,20008637.0,1060197553.0,51.6,54.7,50.1,52.5,0.6,12005.0
2021-08-19,2021/08/19 18:27,2013,12199056,130865241,5,21,2013,20008637.0,1060197553.0,51.6,54.7,50.1,52.5,0.6,12005.0
2021-08-19,2021/08/19 17:55,2013,7758725,130862633,0,6,2013,20008637.0,1060197553.0,51.6,54.7,50.1,52.5,0.6,12005.0
2021-08-19,2021/08/19 17:12,2013,11615734,130858283,2,3,2013,20008637.0,1060197553.0,51.6,54.7,50.1,52.5,0.6,12005.0
2021-08-19,2021/08/19 16:54,2013,4793696,130856380,5,9,2013,20008637.0,1060197553.0,51.6,54.7,50.1,52.5,0.6,12005.0
2021-08-19,2021/08/19 16:37,2013,11958176,130854272,4,15,2013,20008637.0,1060197553.0,51.6,54.7,50.1,52.5,0.6,12005.0
2021-08-19,2021/08/19 15:58,2013,6924505,130846612,0,1,2013,20008637.0,1060197553.0,51.6,54.7,50.1,52.5,0.6,12005.0
2021-08-19,2021/08/19 15:27,2013,328910,130843340,4,19,2013,20008637.0,1060197553.0,51.6,54.7,50.1,52.5,0.6,12005.0
2021-08-19,2021/08/19 14:38,2013,5907392,130837810,0,7,2013,20008637.0,1060197553.0,51.6,54.7,50.1,52.5,0.6,12005.0
2021-08-19,2021/08/19 12:24,2013,4489333,130817861,0,2,2013,20008637.0,1060197553.0,51.6,54.7,50.1,52.5,0.6,12005.0
2021-08-19,2021/08/19 12:16,2013,6573800,130816707,1,3,2013,20008637.0,1060197553.0,51.6,54.7,50.1,52.5,0.6,12005.0
2021-08-19,2021/08/19 12:05,2013,9068214,130815146,25,102,2013,20008637.0,1060197553.0,51.6,54.7,50.1,52.5,0.6,12005.0
2021-08-19,2021/08/19 11:58,2013,708348,130813941,0,10,2013,20008637.0,1060197553.0,51.6,54.7,50.1,52.5,0.6,12005.0
2021-08-19,2021/08/19 11:55,2013,5360663,130813395,1,4,2013,20008637.0,1060197553.0,51.6,54.7,50.1,52.5,0.6,12005.0
2021-08-19,2021/08/19 11:47,2013,6944544,130812352,6,5,2013,20008637.0,1060197553.0,51.6,54.7,50.1,52.5,0.6,12005.0
2021-08-19,2021/08/19 11:27,2013,6573800,130809505,0,6,2013,20008637.0,1060197553.0,51.6,54.7,50.1,52.5,0.6,12005.0
2021-08-19,2021/08/19 11:18,2013,9154107,130808164,0,2,2013,20008637.0,1060197553.0,51.6,54.7,50.1,52.5,0.6,12005.0
2021-08-19,2021/08/19 11:10,2013,1604960,130807076,0,1,2013,20008637.0,1060197553.0,51.6,54.7,50.1,52.5,0.6,12005.0
2021-08-19,2021/08/19 11:07,2013,5741919,130806698,0,4,2013,20008637.0,1060197553.0,51.6,54.7,50.1,52.5,0.6,12005.0
2021-08-19,2021/08/19 10:58,2013,6573800,130805219,1,7,2013,20008637.0,1060197553.0,51.6,54.7,50.1,52.5,0.6,12005.0
2021-08-19,2021/08/19 10:55,2013,831882,130804748,2,9,2013,20008637.0,1060197553.0,51.6,54.7,50.1,52.5,0.6,12005.0
2021-08-19,2021/08/19 10:48,2013,10444239,130803754,1,5,2013,20008637.0,1060197553.0,51.6,54.7,50.1,52.5,0.6,12005.0
2021-08-19,2021/08/19 10:44,2013,7411516,130803193,1,2,2013,20008637.0,1060197553.0,51.6,54.7,50.1,52.5,0.6,12005.0
2021-08-19,2021/08/19 10:36,2013,6573800,130802121,1,4,2013,20008637.0,1060197553.0,51.6,54.7,50.1,52.5,0.6,12005.0
2021-08-19,2021/08/19 10:34,2013,10444239,130801884,2,2,2013,20008637.0,1060197553.0,51.6,54.7,50.1,52.5,0.6,12005.0
2021-08-19,2021/08/19 10:10,2013,5907392,130798509,1,6,2013,20008637.0,1060197553.0,51.6,54.7,50.1,52.5,0.6,12005.0
2021-08-19,2021/08/19 10:10,2013,7411516,130798405,0,1,2013,20008637.0,1060197553.0,51.6,54.7,50.1,52.5,0.6,12005.0
2021-08-19,2021/08/19 10:05,2013,8887976,130797745,3,3,2013,20008637.0,1060197553.0,51.6,54.7,50.1,52.5,0.6,12005.0
2021-08-19,2021/08/19 09:58,2013,6573800,130796484,2,1,2013,20008637.0,1060197553.0,51.6,54.7,50.1,52.5,0.6,12005.0
2021-08-18,2021/08/18 21:53,2013,5921717,130761368,4,46,2013,11965575.0,604229108.0,47.95,52.1,47.45,51.9,3.15,7539.0
2021-08-18,2021/08/18 18:50,2013,954516,130743927,4,26,2013,11965575.0,604229108.0,47.95,52.1,47.45,51.9,3.15,7539.0
2021-08-18,2021/08/18 15:41,2013,7411516,130723178,2,0,2013,11965575.0,604229108.0,47.95,52.1,47.45,51.9,3.15,7539.0
2021-08-18,2021/08/18 15:23,2013,5907392,130721493,1,10,2013,11965575.0,604229108.0,47.95,52.1,47.45,51.9,3.15,7539.0
2021-08-18,2021/08/18 09:40,2013,5907392,130667278,1,12,2013,11965575.0,604229108.0,47.95,52.1,47.45,51.9,3.15,7539.0
2021-08-17,2021/08/17 20:42,2013,6419885,130624485,1,5,2013,10587503.0,523751363.0,50.5,51.0,47.15,48.75,-2.15,6744.0
2021-08-17,2021/08/17 18:10,2013,12199056,130610775,40,33,2013,10587503.0,523751363.0,50.5,51.0,47.15,48.75,-2.15,6744.0
2021-08-17,2021/08/17 18:07,2013,11981853,130610542,1,12,2013,10587503.0,523751363.0,50.5,51.0,47.15,48.75,-2.15,6744.0
2021-08-17,2021/08/17 16:50,2013,10286482,130603302,8,7,2013,10587503.0,523751363.0,50.5,51.0,47.15,48.75,-2.15,6744.0
2021-08-17,2021/08/17 12:37,2013,3717373,130566507,4,3,2013,10587503.0,523751363.0,50.5,51.0,47.15,48.75,-2.15,6744.0
2021-08-17,2021/08/17 10:05,2013,11729674,130546401,6,14,2013,10587503.0,523751363.0,50.5,51.0,47.15,48.75,-2.15,6744.0
2021-08-17,2021/08/17 09:59,2013,3717373,130545337,0,12,2013,10587503.0,523751363.0,50.5,51.0,47.15,48.75,-2.15,6744.0
2021-08-17,2021/08/17 09:33,2013,1746029,130542054,0,15,2013,10587503.0,523751363.0,50.5,51.0,47.15,48.75,-2.15,6744.0
2021-08-17,2021/08/17 08:35,2013,12707750,130535275,0,6,2013,10587503.0,523751363.0,50.5,51.0,47.15,48.75,-2.15,6744.0
2021-08-17,2021/08/17 08:28,2013,815556,130534858,1,25,2013,10587503.0,523751363.0,50.5,51.0,47.15,48.75,-2.15,6744.0
2021-08-16,2021/08/16 22:22,2013,12061360,130514845,3,3,2013,27761910.0,1395914909.0,48.4,52.7,48.25,50.9,2.95,14415.0
2021-08-16,2021/08/16 21:20,2013,1998007,130508920,9,157,2013,27761910.0,1395914909.0,48.4,52.7,48.25,50.9,2.95,14415.0
2021-08-16,2021/08/16 21:18,2013,5884422,130508651,38,34,2013,27761910.0,1395914909.0,48.4,52.7,48.25,50.9,2.95,14415.0
2021-08-16,2021/08/16 20:49,2013,7453813,130505347,6,112,2013,27761910.0,1395914909.0,48.4,52.7,48.25,50.9,2.95,14415.0
2021-08-16,2021/08/16 20:35,2013,10286482,130503695,0,2,2013,27761910.0,1395914909.0,48.4,52.7,48.25,50.9,2.95,14415.0
2021-08-16,2021/08/16 19:42,2013,680138,130498510,6,16,2013,27761910.0,1395914909.0,48.4,52.7,48.25,50.9,2.95,14415.0
2021-08-16,2021/08/16 18:05,2013,4309899,130490867,19,144,2013,27761910.0,1395914909.0,48.4,52.7,48.25,50.9,2.95,14415.0
2021-08-16,2021/08/16 17:08,2013,5443397,130484232,2,10,2013,27761910.0,1395914909.0,48.4,52.7,48.25,50.9,2.95,14415.0
2021-08-16,2021/08/16 14:36,2013,421190,130465985,97,1099,2013,27761910.0,1395914909.0,48.4,52.7,48.25,50.9,2.95,14415.0
2021-08-16,2021/08/16 13:59,2013,12061360,130460834,3,0,2013,27761910.0,1395914909.0,48.4,52.7,48.25,50.9,2.95,14415.0
2021-08-16,2021/08/16 13:28,2013,5884422,130456545,5,44,2013,27761910.0,1395914909.0,48.4,52.7,48.25,50.9,2.95,14415.0
2021-08-16,2021/08/16 13:18,2013,831882,130455118,3,6,2013,27761910.0,1395914909.0,48.4,52.7,48.25,50.9,2.95,14415.0
2021-08-16,2021/08/16 13:16,2013,700463,130454932,0,4,2013,27761910.0,1395914909.0,48.4,52.7,48.25,50.9,2.95,14415.0
2021-08-16,2021/08/16 12:57,2013,1323971,130452318,3,6,2013,27761910.0,1395914909.0,48.4,52.7,48.25,50.9,2.95,14415.0
2021-08-16,2021/08/16 12:24,2013,2077970,130447742,1,9,2013,27761910.0,1395914909.0,48.4,52.7,48.25,50.9,2.95,14415.0
2021-08-16,2021/08/16 11:56,2013,831882,130443728,8,9,2013,27761910.0,1395914909.0,48.4,52.7,48.25,50.9,2.95,14415.0
2021-08-16,2021/08/16 11:53,2013,4830405,130443235,1,7,2013,27761910.0,1395914909.0,48.4,52.7,48.25,50.9,2.95,14415.0
2021-08-16,2021/08/16 10:47,2013,8887976,130433805,3,13,2013,27761910.0,1395914909.0,48.4,52.7,48.25,50.9,2.95,14415.0
2021-08-16,2021/08/16 10:24,2013,831882,130430028,5,4,2013,27761910.0,1395914909.0,48.4,52.7,48.25,50.9,2.95,14415.0
2021-08-16,2021/08/16 10:24,2013,1284371,130429921,0,1,2013,27761910.0,1395914909.0,48.4,52.7,48.25,50.9,2.95,14415.0
2021-08-16,2021/08/16 10:20,2013,11615734,130429285,3,7,2013,27761910.0,1395914909.0,48.4,52.7,48.25,50.9,2.95,14415.0
2021-08-16,2021/08/16 10:15,2013,7758725,130428409,1,8,2013,27761910.0,1395914909.0,48.4,52.7,48.25,50.9,2.95,14415.0
2021-08-16,2021/08/16 09:50,2013,11615734,130423844,1,6,2013,27761910.0,1395914909.0,48.4,52.7,48.25,50.9,2.95,14415.0
2021-08-16,2021/08/16 09:05,2013,831882,130417895,2,4,2013,27761910.0,1395914909.0,48.4,52.7,48.25,50.9,2.95,14415.0
2021-08-15,2021/08/15 17:22,2013,5526454,130381647,13,159,,,,,,,,,
2021-08-15,2021/08/15 16:20,2013,12371997,130378492,10,0,,,,,,,,,
2021-08-15,2021/08/15 11:54,2013,7857433,130363086,33,109,,,,,,,,,
2021-08-14,2021/08/14 23:09,2013,7192751,130342970,4,17,,,,,,,,,
2021-08-14,2021/08/14 14:56,2013,5234511,130318208,45,295,,,,,,,,,
2021-08-13,2021/08/13 10:58,2013,11615734,130199903,0,11,2013,9685403.0,470005902.0,48.3,49.5,47.2,47.95,0.35,5648.0
2021-08-13,2021/08/13 10:55,2013,10336446,130199442,0,8,2013,9685403.0,470005902.0,48.3,49.5,47.2,47.95,0.35,5648.0
2021-08-13,2021/08/13 10:11,2013,12702280,130192160,2,1,2013,9685403.0,470005902.0,48.3,49.5,47.2,47.95,0.35,5648.0
2021-08-13,2021/08/13 10:05,2013,11910950,130191110,9,36,2013,9685403.0,470005902.0,48.3,49.5,47.2,47.95,0.35,5648.0
2021-08-13,2021/08/13 09:56,2013,5040305,130189027,4,1,2013,9685403.0,470005902.0,48.3,49.5,47.2,47.95,0.35,5648.0
2021-08-13,2021/08/13 09:18,2013,831882,130182316,0,5,2013,9685403.0,470005902.0,48.3,49.5,47.2,47.95,0.35,5648.0
2021-08-12,2021/08/12 18:52,2013,831882,130130316,0,9,2013,4841939.0,229583214.0,46.55,47.9,46.4,47.6,1.2,2872.0
2021-08-12,2021/08/12 14:02,2013,5040305,130096835,5,5,2013,4841939.0,229583214.0,46.55,47.9,46.4,47.6,1.2,2872.0
2021-08-12,2021/08/12 11:28,2013,4546506,130072150,0,16,2013,4841939.0,229583214.0,46.55,47.9,46.4,47.6,1.2,2872.0
2021-08-12,2021/08/12 03:45,2013,3761731,130035344,1,2,2013,4841939.0,229583214.0,46.55,47.9,46.4,47.6,1.2,2872.0
2021-08-12,2021/08/12 01:02,2013,700463,130030770,2,2,2013,4841939.0,229583214.0,46.55,47.9,46.4,47.6,1.2,2872.0
2021-08-11,2021/08/11 18:34,2013,515943,129989964,0,6,2013,6171936.0,290574508.0,46.8,47.75,46.15,46.4,-0.05,3644.0
2021-08-11,2021/08/11 13:20,2013,5741919,129943269,1,14,2013,6171936.0,290574508.0,46.8,47.75,46.15,46.4,-0.05,3644.0
2021-08-11,2021/08/11 11:48,2013,468509,129925641,2,12,2013,6171936.0,290574508.0,46.8,47.75,46.15,46.4,-0.05,3644.0
2021-08-11,2021/08/11 11:27,2013,11115288,129921328,0,1,2013,6171936.0,290574508.0,46.8,47.75,46.15,46.4,-0.05,3644.0
2021-08-11,2021/08/11 08:29,2013,552598,129891053,9,41,2013,6171936.0,290574508.0,46.8,47.75,46.15,46.4,-0.05,3644.0
2021-08-09,2021/08/09 23:53,2013,2142600,129729704,7,37,2013,4726644.0,217312973.0,44.65,46.85,44.65,46.35,1.75,2782.0
2021-08-09,2021/08/09 23:44,2013,2142600,129729053,6,21,2013,4726644.0,217312973.0,44.65,46.85,44.65,46.35,1.75,2782.0
2021-08-09,2021/08/09 18:09,2013,11377230,129692518,9,52,2013,4726644.0,217312973.0,44.65,46.85,44.65,46.35,1.75,2782.0
2021-08-09,2021/08/09 08:46,2013,5060170,129602888,0,5,2013,4726644.0,217312973.0,44.65,46.85,44.65,46.35,1.75,2782.0
2021-08-08,2021/08/08 23:41,2013,586878,129588885,0,1,,,,,,,,,
2021-08-08,2021/08/08 10:55,2013,5060170,129552999,0,8,,,,,,,,,
2021-08-06,2021/08/06 10:18,2013,6829820,129382779,1,3,2013,825417.0,36857787.0,44.35,45.1,43.95,44.6,0.1,552.0
2021-08-04,2021/08/04 12:05,2013,744599,129130251,3,2,2013,556930.0,24632628.0,44.15,44.4,43.9,44.4,0.25,350.0
2021-08-03,2021/08/03 11:24,2013,5050158,129003589,32,143,2013,374724.0,16491806.0,43.85,44.15,43.85,44.15,0.05,300.0
2021-08-01,2021/08/01 09:47,2013,4486120,128808424,5,2,,,,,,,,,
2021-07-31,2021/07/31 15:33,2013,5908529,128772940,2,20,,,,,,,,,
2021-07-31,2021/07/31 07:35,2013,5050158,128750289,132,258,,,,,,,,,
2021-07-29,2021/07/29 17:08,2013,5050158,128580263,204,0,2013,632310.0,27365411.0,43.15,43.65,43.0,43.6,0.55,425.0
2021-07-27,2021/07/27 11:42,2013,3714994,128238750,4,5,2013,757396.0,32922035.0,43.6,43.8,43.35,43.4,-0.5,512.0
2021-07-25,2021/07/25 09:27,2013,7192751,128015613,1,31,,,,,,,,,
2021-07-20,2021/07/20 23:04,2013,11935636,127462084,0,2,2013,1121344.0,49896242.0,45.0,45.2,44.0,44.45,-0.85,798.0
2021-07-20,2021/07/20 08:01,2013,552598,127336978,6,56,2013,1121344.0,49896242.0,45.0,45.2,44.0,44.45,-0.85,798.0
2021-07-19,2021/07/19 17:35,2013,4221860,127278704,2,0,2013,1397997.0,63582800.0,45.05,46.0,45.0,45.3,0.3,880.0
2021-07-19,2021/07/19 09:40,2013,6072774,127199921,9,15,2013,1397997.0,63582800.0,45.05,46.0,45.0,45.3,0.3,880.0
2021-07-16,2021/07/16 01:40,2013,744599,126908748,3,7,2013,712023.0,32022919.0,45.1,45.3,44.7,45.0,-0.2,468.0
2021-07-15,2021/07/15 22:30,2013,2142600,126892029,10,65,2013,1564927.0,70339010.0,44.0,45.8,44.0,45.2,1.25,919.0
2021-07-15,2021/07/15 17:05,2013,4407427,126853186,2,12,2013,1564927.0,70339010.0,44.0,45.8,44.0,45.2,1.25,919.0
2021-07-15,2021/07/15 12:53,2013,6645435,126807930,1,3,2013,1564927.0,70339010.0,44.0,45.8,44.0,45.2,1.25,919.0
2021-07-14,2021/07/14 22:17,2013,9980456,126724584,5,0,2013,1582338.0,69107624.0,44.6,44.75,43.1,43.95,-0.55,993.0
2021-07-14,2021/07/14 08:49,2013,5060170,126589769,4,4,2013,1582338.0,69107624.0,44.6,44.75,43.1,43.95,-0.55,993.0
2021-07-14,2021/07/14 08:44,2013,0,126589238,21,0,2013,1582338.0,69107624.0,44.6,44.75,43.1,43.95,-0.55,993.0
2021-07-13,2021/07/13 08:08,2013,552598,126411913,5,45,2013,1895300.0,84731295.0,45.45,45.65,44.4,44.5,-0.85,1225.0
2021-07-12,2021/07/12 10:23,2013,6645435,126273608,4,1,2013,2023378.0,93204861.0,47.4,47.4,45.2,45.35,0.35,1032.0
2021-07-12,2021/07/12 09:14,2013,1620954,126259937,0,7,2013,2023378.0,93204861.0,47.4,47.4,45.2,45.35,0.35,1032.0
2021-07-12,2021/07/12 08:10,2013,552598,126252410,3,66,2013,2023378.0,93204861.0,47.4,47.4,45.2,45.35,0.35,1032.0
2021-07-09,2021/07/09 17:51,2013,0,126073658,10,0,2013,1132748.0,51135657.0,45.05,45.65,45.0,45.0,-0.45,710.0
2021-07-09,2021/07/09 16:22,2013,0,126060855,24,0,2013,1132748.0,51135657.0,45.05,45.65,45.0,45.0,-0.45,710.0
2021-07-09,2021/07/09 08:19,2013,552598,125973533,3,72,2013,1132748.0,51135657.0,45.05,45.65,45.0,45.0,-0.45,710.0
2021-07-07,2021/07/07 12:44,2013,3714994,125700313,0,2,2013,1842434.0,83613882.0,46.0,46.05,45.05,45.1,-0.9,1170.0
2021-07-07,2021/07/07 10:50,2013,700463,125677596,2,0,2013,1842434.0,83613882.0,46.0,46.05,45.05,45.1,-0.9,1170.0
2021-07-07,2021/07/07 10:33,2013,7870395,125674474,9,19,2013,1842434.0,83613882.0,46.0,46.05,45.05,45.1,-0.9,1170.0
2021-07-07,2021/07/07 10:26,2013,7883682,125673218,0,1,2013,1842434.0,83613882.0,46.0,46.05,45.05,45.1,-0.9,1170.0
2021-07-05,2021/07/05 17:50,2013,4486120,125451196,3,6,2013,3813821.0,178061044.0,46.2,47.6,46.1,46.4,0.5,2134.0
2021-07-04,2021/07/04 19:21,2013,11935636,125327677,2,10,,,,,,,,,
2021-07-03,2021/07/03 20:14,2013,4486120,125274846,11,38,,,,,,,,,
2021-07-03,2021/07/03 20:13,2013,4486120,125274816,1,9,,,,,,,,,
2021-07-03,2021/07/03 20:13,2013,4486120,125274792,1,8,,,,,,,,,
2021-07-02,2021/07/02 12:26,2013,6645435,125153682,0,3,2013,5040479.0,232947242.0,46.5,47.25,45.6,45.9,-0.95,2745.0
2021-07-02,2021/07/02 11:03,2013,9850426,125142016,2,2,2013,5040479.0,232947242.0,46.5,47.25,45.6,45.9,-0.95,2745.0
2021-07-01,2021/07/01 13:50,2013,4997999,125031531,8,5,2013,8461700.0,398414224.0,48.05,48.85,46.0,46.85,-1.2,4925.0
2021-07-01,2021/07/01 11:40,2013,6645435,125007109,5,1,2013,8461700.0,398414224.0,48.05,48.85,46.0,46.85,-1.2,4925.0
2021-07-01,2021/07/01 10:40,2013,7883682,124995000,0,2,2013,8461700.0,398414224.0,48.05,48.85,46.0,46.85,-1.2,4925.0
2021-06-30,2021/06/30 13:25,2013,7146006,124879424,4,6,2013,20903968.0,1022962459.0,48.3,49.9,47.8,48.05,0.15,11410.0
2021-06-30,2021/06/30 09:42,2013,12240245,124836128,2,1,2013,20903968.0,1022962459.0,48.3,49.9,47.8,48.05,0.15,11410.0
2021-06-30,2021/06/30 08:12,2013,552598,124824784,4,59,2013,20903968.0,1022962459.0,48.3,49.9,47.8,48.05,0.15,11410.0
2021-06-29,2021/06/29 22:19,2013,5060170,124802203,1,5,2013,25362914.0,1202121637.0,46.05,49.55,44.9,47.9,2.45,13916.0
2021-06-29,2021/06/29 22:14,2013,5060170,124801704,1,4,2013,25362914.0,1202121637.0,46.05,49.55,44.9,47.9,2.45,13916.0
2021-06-29,2021/06/29 20:24,2013,1998007,124790160,18,162,2013,25362914.0,1202121637.0,46.05,49.55,44.9,47.9,2.45,13916.0
2021-06-29,2021/06/29 11:20,2013,3714994,124712979,17,4,2013,25362914.0,1202121637.0,46.05,49.55,44.9,47.9,2.45,13916.0
2021-06-29,2021/06/29 07:57,2013,552598,124682265,11,58,2013,25362914.0,1202121637.0,46.05,49.55,44.9,47.9,2.45,13916.0
2021-06-28,2021/06/28 13:26,2013,7146006,124599224,2,4,2013,9903099.0,442382678.0,43.15,45.95,43.1,45.45,2.65,5778.0
2021-06-28,2021/06/28 12:22,2013,7758725,124587458,1,2,2013,9903099.0,442382678.0,43.15,45.95,43.1,45.45,2.65,5778.0
2021-06-28,2021/06/28 09:55,2013,1082415,124561667,0,2,2013,9903099.0,442382678.0,43.15,45.95,43.1,45.45,2.65,5778.0
2021-06-25,2021/06/25 19:47,2013,5137159,124399743,2,9,2013,1378863.0,59401208.0,43.5,43.55,42.7,42.8,0.0,958.0
2021-06-25,2021/06/25 02:27,2013,3797275,124296043,6,7,2013,1378863.0,59401208.0,43.5,43.55,42.7,42.8,0.0,958.0
2021-06-24,2021/06/24 21:39,2013,11935636,124278127,3,9,2013,2188006.0,94349984.0,42.7,43.8,42.4,42.8,0.1,1328.0
2021-06-24,2021/06/24 19:54,2013,5060170,124268336,1,6,2013,2188006.0,94349984.0,42.7,43.8,42.4,42.8,0.1,1328.0
2021-06-22,2021/06/22 10:28,2013,8836009,123909262,15,492,2013,5581750.0,242510404.0,42.2,44.75,42.2,42.75,1.0,3343.0
2021-06-22,2021/06/22 09:34,2013,1620954,123898685,5,7,2013,5581750.0,242510404.0,42.2,44.75,42.2,42.75,1.0,3343.0
2021-06-16,2021/06/16 11:54,2013,5060170,123274608,0,7,2013,1045089.0,43682238.0,42.5,42.8,42.05,42.1,-0.4,609.0
2021-06-13,2021/06/13 00:05,2013,7192751,123016079,3,31,,,,,,,,,
2021-06-12,2021/06/12 08:08,2013,10174856,122972287,5,18,,,,,,,,,
2021-06-12,2021/06/12 07:47,2013,10174856,122971632,0,45,,,,,,,,,
2021-06-12,2021/06/12 07:14,2013,1620954,122970832,2,10,,,,,,,,,
2021-06-10,2021/06/10 10:00,2013,8887976,122725894,3,10,2013,1087954.0,45820268.0,41.75,42.8,41.6,42.5,0.75,746.0
2021-06-09,2021/06/09 18:05,2013,8258892,122661622,17,79,2013,974826.0,40940045.0,42.8,42.8,41.6,41.75,-0.75,726.0
2021-06-08,2021/06/08 07:53,2013,7503732,122451160,0,37,2013,795532.0,33846324.0,42.2,42.9,42.2,42.5,0.1,579.0
2021-06-06,2021/06/06 19:38,2013,1085263,122297674,0,2,,,,,,,,,
2021-06-06,2021/06/06 17:43,2013,5409244,122290260,3,38,,,,,,,,,
2021-06-04,2021/06/04 07:58,2013,552598,122060565,8,47,2013,6628134.0,294176319.0,43.8,45.5,43.5,43.7,0.35,3775.0
2021-05-31,2021/05/31 16:25,2013,1620954,121564610,5,12,2013,5615378.0,247156171.0,43.5,44.9,43.0,43.25,0.15,3201.0
2021-05-31,2021/05/31 01:34,2013,866416,121484926,1,9,2013,5615378.0,247156171.0,43.5,44.9,43.0,43.25,0.15,3201.0
2021-05-28,2021/05/28 10:55,2013,4354488,121253200,3,5,2013,6483601.0,281871965.0,42.0,44.4,41.7,43.1,1.65,3759.0
2021-05-27,2021/05/27 07:25,2013,552598,121106918,8,76,2013,1389415.0,57741591.0,41.5,42.05,41.3,41.45,0.15,824.0
2021-05-24,2021/05/24 08:33,2013,5060170,120787181,0,3,2013,1155666.0,47145641.0,40.45,41.3,40.0,40.9,0.15,793.0
2021-05-23,2021/05/23 23:24,2013,6061286,120776324,3,64,,,,,,,,,
2021-05-21,2021/05/21 06:51,2013,131486,120573844,0,2,2013,1759981.0,71281005.0,40.5,41.15,39.8,40.75,0.7,1064.0
2021-05-19,2021/05/19 06:58,2013,4604657,120377489,1,33,2013,5990610.0,246057515.0,39.8,42.45,39.7,41.35,1.9,3560.0
2021-05-18,2021/05/18 16:27,2013,11008993,120332794,14,31,2013,3823728.0,148134524.0,36.5,39.45,36.5,39.45,3.55,2173.0
2021-05-14,2021/05/14 14:44,2013,5351293,119917212,1,10,2013,3505439.0,137938239.0,40.3,40.75,38.2,39.35,-0.3,2143.0
2021-05-14,2021/05/14 12:01,2013,897575,119890362,2,29,2013,3505439.0,137938239.0,40.3,40.75,38.2,39.35,-0.3,2143.0
2021-05-14,2021/05/14 09:30,2013,6596581,119864024,1,14,2013,3505439.0,137938239.0,40.3,40.75,38.2,39.35,-0.3,2143.0
2021-05-13,2021/05/13 07:49,2013,4850777,119713432,1,0,2013,4464662.0,176650220.0,39.35,41.3,38.0,39.65,-1.9,2649.0
2021-05-12,2021/05/12 17:41,2013,5060170,119653206,1,3,2013,6937108.0,294746232.0,45.8,46.2,41.35,41.55,-4.35,4118.0
2021-05-12,2021/05/12 16:16,2013,4893933,119641465,0,3,2013,6937108.0,294746232.0,45.8,46.2,41.35,41.55,-4.35,4118.0
2021-05-11,2021/05/11 21:35,2013,6094422,119520951,3,15,2013,7450994.0,353777065.0,47.7,49.0,45.2,45.9,-2.3,4675.0
2021-05-11,2021/05/11 07:23,2013,1544237,119395709,0,4,2013,7450994.0,353777065.0,47.7,49.0,45.2,45.9,-2.3,4675.0
2021-05-10,2021/05/10 11:22,2013,11008993,119286010,0,13,2013,8572807.0,408206815.0,47.0,48.45,46.1,48.2,1.6,5010.0
2021-05-09,2021/05/09 12:04,2013,1729452,119197528,10,147,,,,,,,,,
2021-05-08,2021/05/08 21:15,2013,5451329,119160242,13,105,,,,,,,,,
2021-05-07,2021/05/07 13:35,2013,4241139,119002824,2,4,2013,6939958.0,323701151.0,48.0,48.4,45.7,46.6,-1.9,4229.0
2021-05-07,2021/05/07 10:25,2013,687423,118964265,2,14,2013,6939958.0,323701151.0,48.0,48.4,45.7,46.6,-1.9,4229.0
2021-05-06,2021/05/06 16:53,2013,6671333,118854464,8,130,2013,9528572.0,463042884.0,47.55,49.8,47.0,48.5,1.0,5490.0
2021-05-06,2021/05/06 16:10,2013,358856,118847356,2,9,2013,9528572.0,463042884.0,47.55,49.8,47.0,48.5,1.0,5490.0
2021-05-05,2021/05/05 18:36,2013,5060170,118705139,1,5,2013,7711409.0,365562516.0,44.0,48.7,43.95,47.5,2.5,4705.0
2021-05-05,2021/05/05 14:29,2013,6671333,118673347,17,166,2013,7711409.0,365562516.0,44.0,48.7,43.95,47.5,2.5,4705.0
2021-05-05,2021/05/05 13:02,2013,5032726,118659591,0,6,2013,7711409.0,365562516.0,44.0,48.7,43.95,47.5,2.5,4705.0
2021-05-05,2021/05/05 11:54,2013,2344095,118647664,0,2,2013,7711409.0,365562516.0,44.0,48.7,43.95,47.5,2.5,4705.0
2021-05-05,2021/05/05 10:30,2013,11008993,118633966,0,6,2013,7711409.0,365562516.0,44.0,48.7,43.95,47.5,2.5,4705.0
2021-05-02,2021/05/02 22:40,2013,685008,118296195,0,1,,,,,,,,,
2021-05-02,2021/05/02 14:44,2013,2142600,118265279,0,25,,,,,,,,,
2021-05-01,2021/05/01 17:08,2013,10250949,118211503,13,66,,,,,,,,,
2021-04-30,2021/04/30 01:34,2013,8313163,118095930,1,39,,,,,,,,,
2021-04-29,2021/04/29 22:43,2013,5451329,118085575,4,106,2013,7604559.0,364709810.0,47.3,48.6,46.75,48.55,1.6,4261.0
2021-04-29,2021/04/29 14:42,2013,7503732,118025381,0,22,2013,7604559.0,364709810.0,47.3,48.6,46.75,48.55,1.6,4261.0
2021-04-29,2021/04/29 11:10,2013,6436654,117983409,1,4,2013,7604559.0,364709810.0,47.3,48.6,46.75,48.55,1.6,4261.0
2021-04-29,2021/04/29 11:08,2013,6436654,117983071,0,5,2013,7604559.0,364709810.0,47.3,48.6,46.75,48.55,1.6,4261.0
2021-04-29,2021/04/29 09:38,2013,8036731,117963764,0,3,2013,7604559.0,364709810.0,47.3,48.6,46.75,48.55,1.6,4261.0
2021-04-28,2021/04/28 08:31,2013,5852511,117783045,21,57,2013,3618174.0,169902867.0,47.6,47.6,46.65,46.95,-0.6,2215.0
2021-04-27,2021/04/27 23:09,2013,5852511,117760227,11,145,2013,4046830.0,192689740.0,48.25,48.45,47.2,47.55,-0.6,2334.0
2021-04-27,2021/04/27 22:19,2013,517719,117754276,0,14,2013,4046830.0,192689740.0,48.25,48.45,47.2,47.55,-0.6,2334.0
2021-04-27,2021/04/27 19:39,2013,5060170,117730901,0,3,2013,4046830.0,192689740.0,48.25,48.45,47.2,47.55,-0.6,2334.0
2021-04-27,2021/04/27 19:10,2013,8887976,117725405,0,0,2013,4046830.0,192689740.0,48.25,48.45,47.2,47.55,-0.6,2334.0
2021-04-26,2021/04/26 11:18,2013,5821582,117492971,1,13,2013,4862407.0,234208715.0,47.55,49.0,47.2,48.15,0.7,2976.0
2021-04-26,2021/04/26 10:15,2013,5994130,117482138,4,11,2013,4862407.0,234208715.0,47.55,49.0,47.2,48.15,0.7,2976.0
2021-04-23,2021/04/23 20:53,2013,10365623,117296972,3,0,2013,6783762.0,323336090.0,49.0,49.55,46.7,47.45,-1.55,4373.0
2021-04-23,2021/04/23 18:03,2013,4616812,117278147,15,16,2013,6783762.0,323336090.0,49.0,49.55,46.7,47.45,-1.55,4373.0
